shipping_id,shipping_status,shipping_address,city,state,postal_code,country,recipient_name,phone_number,delivery_date
1,in transit,47933 Columbus Point,Thị Trấn Phước Bửu,,,Vietnam,Hendrika Wearne,619-580-8082,8/20/2022
2,shipped,08 Muir Center,Yuyang,,,China,Ray Pyatt,623-736-2424,01-12-2022
3,shipped,181 Vernon Crossing,Yuanhou,,,China,Shalna Semeradova,275-217-5176,7/26/2022
4,shipped,5616 Morningstar Trail,Ugra,,215435,Russia,Wells Westney,538-182-7161,04-03-2022
5,shipped,4987 Coolidge Circle,Pajala,Norrbotten,984 28,Sweden,Gusti Bywaters,318-431-9303,07-12-2022
6,shipped,676 Sage Place,Can-Avid,,6806,Philippines,Lindsay Topliss,571-738-2489,03-07-2022
7,in transit,55735 Cherokee Street,Harrismith,,9885,South Africa,Evie Roelofs,566-741-5522,01-09-2022
8,out for delivery,237 Huxley Way,Lavaur,Midi-Pyrénées,81506 CEDEX,France,My Cubin,360-854-1242,12-05-2022
9,shipped,45288 Caliangt Parkway,Urus-Martan,,366510,Russia,Karlens Labes,137-147-4984,05-03-2022
10,out for delivery,7 Oriole Terrace,Gurlan,,,Uzbekistan,Tad Labbez,189-122-0315,11/13/2022
11,delivered,94 Randy Lane,Vohipaho,,,Madagascar,Patsy Livezley,884-190-1107,5/16/2022
12,shipped,380 Briar Crest Street,Flores da Cunha,,95270-000,Brazil,Fredrika Casaro,122-368-9294,12/18/2022
13,delivered,4865 Oak Valley Center,Azua,,10607,Dominican Republic,Duncan Ofener,194-749-2944,3/14/2022
14,shipped,6 Roxbury Lane,Resende,,27500-000,Brazil,Percy Aynold,572-989-2562,1/21/2022
15,out for delivery,59159 Dexter Drive,Haugesund,Rogaland,5532,Norway,Nadine Trevaskiss,886-928-6749,03-08-2022
16,shipped,766 Crowley Crossing,Qiling,,,China,Cosette Carver,854-134-8419,3/23/2022
17,shipped,7 Reinke Alley,Zhijiang,,,China,Barrie Loosely,453-608-3037,9/22/2022
18,shipped,97152 Doe Crossing Court,Itapipoca,,62500-000,Brazil,Trueman Geddis,359-924-3831,1/18/2022
19,out for delivery,456 Dayton Avenue,Heshui,,,China,Darrin Mallinson,375-363-3571,07-04-2022
20,out for delivery,0985 Nelson Way,Yaoundé,,,Cameroon,Raf Altree,581-980-1812,11/17/2022
21,in transit,290 Farmco Road,Yinkeng,,,China,Cassie Scutchings,175-906-1641,05-03-2022
22,shipped,1189 Raven Drive,Randu,,,Indonesia,Jesus Robinet,920-783-2581,8/29/2022
23,out for delivery,70 Monica Plaza,Kirkuk,,,Iraq,Jermaine Fitzroy,499-618-5097,08-10-2022
24,out for delivery,28108 Thompson Drive,Schenectady,New York,12305,United States,Kathe Trassler,518-193-6156,12/25/2022
25,delivered,1785 Corscot Pass,Zhongdong,,,China,Kimmy Bunch,773-189-4969,09-02-2022
26,shipped,4 Clyde Gallagher Parkway,Barra,,9016,Philippines,Bessie Vidloc,898-184-2586,02-08-2022
27,shipped,1 Hintze Terrace,Bau,,,Indonesia,Sherwood Pollen,921-520-0326,8/28/2022
28,in transit,2 6th Park,Būrkah,,,Afghanistan,Angel Simionato,986-738-6205,07-06-2022
29,delivered,05635 Londonderry Lane,Radvanice,,751 21,Czech Republic,Grannie Puckham,256-739-3695,04-12-2022
30,shipped,850 Shopko Pass,Jianchang,,,China,Rourke Beamiss,131-551-5333,7/17/2022
31,out for delivery,301 Golf Place,Were Īlu,,,Ethiopia,Pren Milborn,230-801-0810,12/28/2022
32,out for delivery,9344 Parkside Pass,Ngurore,,,Nigeria,Odetta McSparran,501-217-4797,05-05-2022
33,in transit,33682 Oak Plaza,Aného,,,Togo,Rorie Riatt,950-565-1653,6/25/2022
34,delivered,3 Farwell Lane,Reina Mercedes,,3303,Philippines,Ricki Kalinke,231-637-1484,01-01-2022
35,delivered,90 Eliot Center,Abucayan,,6216,Philippines,Annecorinne Gay,473-682-0560,03-02-2022
36,shipped,976 Jana Street,Topchikha,,659070,Russia,Ludovika Elford,808-891-2629,10-10-2022
37,in transit,28 Marquette Place,Colcabamba,,,Peru,Charlton Hardwicke,896-435-0481,11-12-2022
38,shipped,175 Lukken Trail,Chicago,Illinois,60652,United States,Orran Eastmead,312-896-6422,10/15/2022
39,shipped,62713 Lakewood Gardens Circle,Moganshan,,,China,Giuditta Docksey,517-112-6402,02-06-2022
40,shipped,9 Green Ridge Crossing,Santa Monica,,8422,Philippines,Melamie Abbati,166-143-3902,5/27/2022
41,out for delivery,01583 Redwing Court,Shuiyang,,,China,Westbrooke Barling,625-305-1889,04-09-2022
42,out for delivery,63671 Ilene Center,Sixi,,,China,Arlin Kropp,722-757-6361,5/30/2022
43,out for delivery,70 Red Cloud Way,Xuancheng,,,China,Matthiew Halm,502-187-6738,04-01-2022
44,in transit,1580 6th Drive,Ishige,,952-2224,Japan,Tatiana Hamal,666-302-4860,10/17/2022
45,shipped,351 Main Court,Danderyd,Stockholm,182 34,Sweden,Matelda McGaugey,321-229-9451,4/28/2022
46,in transit,83644 Old Gate Alley,Yerofey Pavlovich,,676000,Russia,Alex Mace,531-452-9320,3/31/2022
47,out for delivery,67306 Leroy Junction,Daleszyce,,26-021,Poland,Estele Eusden,993-397-2815,07-04-2022
48,in transit,687 Tennessee Terrace,Peñaflor,,,Chile,Shandeigh Hatwells,461-976-8693,2/27/2022
49,out for delivery,17824 Waywood Hill,Sekarjalak,,,Indonesia,Valry Sapena,160-613-3219,11-04-2022
50,out for delivery,695 Meadow Vale Road,Hengshan,,,China,Ambrosi Vatcher,223-526-7399,7/27/2022
51,shipped,49 Grim Way,Toulouse,Midi-Pyrénées,31004 CEDEX 6,France,Eileen Wickens,883-723-3106,12/20/2022
52,delivered,0752 Cardinal Park,Huangbei,,,China,Adoree Bircher,243-817-5992,4/14/2022
53,shipped,59289 Evergreen Alley,Cafe,,5516,Philippines,Tuesday Godthaab,678-465-9638,6/29/2022
54,out for delivery,083 Moland Park,Dolod,,,China,Auberon Waplinton,563-323-2290,10/15/2022
55,delivered,8 Jackson Road,Kitaibaraki,,319-1559,Japan,Erica Lindeberg,600-951-1240,7/14/2022
56,out for delivery,5441 Hayes Alley,Mangarine,,8118,Philippines,Geoffry Portman,501-353-6280,7/25/2022
57,out for delivery,1 Brentwood Plaza,Henglian,,,China,Phyllida Mattiassi,729-754-8814,10/25/2022
58,shipped,23354 Garrison Point,Öldziyt,,,Mongolia,Verine Caras,498-996-4651,5/19/2022
59,shipped,40 Chive Way,Moanemani,,,Indonesia,Dmitri Shields,993-575-3914,5/29/2022
60,delivered,9974 Prairie Rose Drive,Sewon,,,Indonesia,Robb Leeman,895-567-4440,5/24/2022
61,out for delivery,0243 Eagan Parkway,Tilang,,,Indonesia,Eugen Hackworthy,315-555-9346,8/13/2022
62,delivered,626 Ridgeview Plaza,Vista Hermosa,,,Panama,Camilla Fettes,524-871-3335,05-11-2022
63,out for delivery,3921 Karstens Center,Gongxi,,,China,Bradney Guilleton,498-647-3820,11/25/2022
64,shipped,27 Tony Lane,Longtan,,,China,Othilie Goundrill,667-388-2588,8/28/2022
65,shipped,40231 Pearson Road,Maringá,,87000-000,Brazil,Ange Dewsnap,485-165-3804,10/20/2022
66,delivered,611 Melby Lane,Drahichyn,,,Belarus,Odelinda Abate,742-910-3165,8/19/2022
67,delivered,0 Waxwing Place,Kaset Wisai,,45150,Thailand,Pierette Pail,293-215-6543,05-09-2022
68,delivered,81395 Maple Wood Parkway,Florentino Ameghino,,9113,Argentina,Francesca Hanselman,765-714-2379,7/28/2022
69,in transit,4668 Becker Avenue,Schiedam postbusnummers,Provincie Zuid-Holland,3109,Netherlands,Matthias Drinkhall,638-171-0767,12/14/2022
70,in transit,66475 Northfield Park,Sundbyberg,Stockholm,172 79,Sweden,Northrup Biggam,463-128-7978,11/29/2022
71,shipped,928 Randy Avenue,Banjar Sebual,,,Indonesia,Yorgo Wilsone,972-534-9798,7/24/2022
72,out for delivery,724 Melvin Lane,Kapan,,,Armenia,Lani Ladewig,851-586-7308,5/23/2022
73,delivered,80778 Northport Junction,Sifangxi,,,China,Asa Corlett,787-767-0091,8/17/2022
74,out for delivery,6 Packers Avenue,Ōhara,,299-4624,Japan,Tierney Cartmail,819-761-0298,6/22/2022
75,delivered,0 Hanson Point,São Tomé,,,Sao Tome and Principe,Clair Goundrill,442-235-2553,10/21/2022
76,out for delivery,96 Marquette Point,Dejilin,,,China,Skell Addess,113-335-8583,10/29/2022
77,delivered,0018 Warbler Hill,Nganane,,,Tanzania,Nonna Rudolf,963-440-5045,4/20/2022
78,in transit,4 Thackeray Point,Pantukan,,8117,Philippines,Tammi Godmer,922-826-0718,4/16/2022
79,in transit,513 International Lane,Wichian Buri,,67130,Thailand,Auroora Pantlin,800-124-6347,11/13/2022
80,shipped,05263 Grayhawk Plaza,Sidomekar,,,Indonesia,Miller Tewelson,797-736-3358,6/27/2022
81,in transit,01 Stang Parkway,Legaspi,,4500,Philippines,Benedikta Hixley,169-495-3436,3/16/2022
82,in transit,77883 Duke Alley,Straldzha,,8693,Bulgaria,Freda Pearmain,814-854-2519,05-09-2022
83,out for delivery,978 Barby Alley,Shah Alam,Selangor,40990,Malaysia,Jacintha Booton,737-442-1470,5/27/2022
84,out for delivery,5667 Hintze Way,Ereira,Santarém,2070-305,Portugal,Ailina Zeal,149-476-1151,12-08-2022
85,shipped,8 Mandrake Pass,Cigedang,,,Indonesia,Baron Neame,200-681-9859,8/26/2022
86,shipped,43343 Vernon Place,Fangxian,,,China,Paulo Blinckhorne,462-298-2364,03-04-2022
87,out for delivery,88 Northview Junction,Satrejan,,,Indonesia,Pansy Heaney,199-898-5074,07-07-2022
88,out for delivery,03 Stephen Park,Sabanalarga,,855058,Colombia,Aimil Sollett,487-965-2937,04-10-2022
89,delivered,55 Jay Junction,Fengniancun,,,China,Joice Wrotchford,974-150-9045,06-07-2022
90,in transit,2213 Novick Parkway,Lagoa da Prata,,35590-000,Brazil,Latashia De Gregoli,616-217-5079,1/24/2022
91,shipped,525 Talisman Plaza,Mount Pearl,Newfoundland and Labrador,A1N,Canada,Roslyn Adney,933-750-2372,10-06-2022
92,in transit,56 Killdeer Alley,Singa,,,Peru,Trish Dominici,939-240-8392,9/20/2022
93,in transit,17722 Florence Hill,Jataí,,75800-000,Brazil,Mead Sterrick,276-582-9984,11/15/2022
94,out for delivery,27 Marquette Circle,Pakuncen,,,Indonesia,Ferd Desantis,863-168-8634,06-05-2022
95,shipped,78 Linden Place,Lashio,,,Myanmar,Waly O Sullivan,147-423-6135,12/17/2022
96,delivered,474 Valley Edge Park,Itsandra,,,Comoros,Shelby Elt,282-287-7060,8/27/2022
97,out for delivery,0727 Morning Junction,Lishu,,,China,Miles Dodshun,377-594-7454,6/19/2022
98,in transit,510 Oakridge Street,Dzhayrakh,,309273,Russia,Cobbie Daniau,578-908-4500,03-05-2022
99,in transit,332 Meadow Vale Avenue,Pilar do Sul,,18185-000,Brazil,Anatollo Southwick,692-618-8222,2/28/2022
100,out for delivery,1342 Buell Hill,Wąbrzeźno,,87-201,Poland,Drake Brumfitt,576-799-1768,01-11-2022
101,in transit,09547 Ridge Oak Pass,San Francisco de la Paz,,,Honduras,Farr Valintine,901-271-1736,01-10-2022
102,in transit,5 Heath Lane,Esquel,,9200,Argentina,Ernestus Rangall,349-889-9082,2/25/2022
103,delivered,4 Crest Line Road,Obertyn,,,Ukraine,Agace Ferras,921-724-8145,10/19/2022
104,delivered,2 Briar Crest Street,Kuilehe,,,China,Mandel Fenby,272-689-2838,04-12-2022
105,shipped,3 Hazelcrest Center,San Francisco,,10802,Costa Rica,Rustie Graalmans,584-434-0954,05-03-2022
106,in transit,3301 Coleman Lane,Dingshu,,,China,Morganne Stokell,494-586-2602,11/25/2022
107,out for delivery,83878 Loftsgordon Alley,Chư Prông,,,Vietnam,Brear Abdie,355-721-3997,12-11-2022
108,out for delivery,51 5th Plaza,San Juan de Limay,,,Nicaragua,Emmott Vankov,248-227-3748,11-05-2022
109,out for delivery,747 Farwell Center,Oenopu,,,Indonesia,Catina McElhinney,222-524-3553,10-12-2022
110,shipped,75 Comanche Parkway,Vale Mourão,Lisboa,2635-466,Portugal,Kippie Ekkel,787-143-6666,10/31/2022
111,shipped,37 Glacier Hill Terrace,Northern Suburbs Mc,New South Wales,1694,Australia,Gideon Tabard,345-748-4679,12-12-2022
112,delivered,4 Straubel Avenue,Dongzhang,,,China,Alaine Hallgalley,755-630-2279,11-03-2022
113,out for delivery,8 Carberry Court,Tiro,,,Indonesia,Louise Geldard,740-416-3255,9/13/2022
114,out for delivery,87229 Upham Parkway,Nijemci,,32245,Croatia,Seka Di Boldi,408-480-3021,11/19/2022
115,in transit,6 7th Way,Vingåker,Södermanland,643 92,Sweden,Donia Stitwell,505-769-5856,08-07-2022
116,delivered,14874 Scott Alley,Espinho,Coimbra,3220-077,Portugal,Florella Staines,312-829-9888,6/20/2022
117,in transit,63 Rusk Hill,Yushu,,,China,Peadar Squirrel,472-785-1908,10-12-2022
118,delivered,95 Graceland Hill,Ilek,,461369,Russia,Lauralee Raselles,679-227-8303,1/18/2022
119,out for delivery,0 Novick Parkway,Ralevka,,,Ukraine,Nat Statersfield,164-305-4523,6/13/2022
120,delivered,36790 Hansons Place,Ognevka,,,Kazakhstan,Sumner Farryan,214-904-2225,03-09-2022
121,delivered,9 Carpenter Plaza,Dallas,Texas,75387,United States,Ambrosius Alliker,214-511-0287,9/28/2022
122,in transit,5 Delladonna Center,Napoli,Campania,80129,Italy,Reinaldos Banbrook,747-636-7671,08-05-2022
123,shipped,367 Lawn Park,Lianghe,,,China,Sarena Mallam,737-764-0310,1/25/2022
124,shipped,7048 Maywood Parkway,Lindavista,Chiapas,29557,Mexico,Chucho Grote,813-173-3030,2/24/2022
125,delivered,70 Waxwing Parkway,Naze,,631-0034,Japan,Kasey Hilliam,728-475-0667,7/31/2022
126,shipped,08158 Farmco Trail,Puor,,,Indonesia,Vito Vivers,271-273-2704,02-07-2022
127,out for delivery,2843 Kingsford Junction,Carrières-sur-Seine,Île-de-France,78424 CEDEX,France,Hymie Beetham,495-456-4374,1/31/2022
128,delivered,3209 Graceland Road,Libochovice,,411 17,Czech Republic,Sigismundo Playle,753-817-1814,12-07-2022
129,delivered,7829 Michigan Crossing,Raksajaya,,,Indonesia,Marjie Teck,164-463-5097,2/23/2022
130,delivered,09009 Chive Circle,Makurazaki,,898-0031,Japan,Gilly Stanluck,675-863-4415,07-01-2022
131,delivered,868 Loomis Hill,Paracambi,,26600-000,Brazil,Dietrich Cubberley,640-715-4870,11-05-2022
132,delivered,4040 Oneill Center,Louta,,,China,Gregoor Mathely,778-465-0531,8/14/2022
133,delivered,9490 Lunder Drive,Třinec,,739 94,Czech Republic,Osborn Faircloth,769-589-3523,3/24/2022
134,in transit,3 Ridge Oak Park,Shakhun’ya,,606912,Russia,Dori Faulkes,211-349-0110,10/27/2022
135,out for delivery,6 Hollow Ridge Point,Petit Valley,,,Trinidad and Tobago,Agathe Scritch,909-608-6191,9/17/2022
136,shipped,92114 Arizona Hill,San Miguel del Padrón,,,Cuba,Sutherland Fernley,283-925-5217,01-09-2022
137,delivered,24 Sugar Alley,Huimin,,,China,Sue Kedwell,579-609-6196,8/13/2022
138,delivered,1840 Gateway Parkway,Stockholm,Stockholm,118 65,Sweden,Avrit Tandey,618-435-9864,5/23/2022
139,out for delivery,5 Merry Court,Tilburg,Provincie Noord-Brabant,5019,Netherlands,Hervey Bannister,523-775-5342,01-08-2022
140,delivered,12 High Crossing Court,Mshinskaya,,442942,Russia,Zitella Jepperson,418-433-4216,11/23/2022
141,out for delivery,6 Merry Pass,Chujiang,,,China,Daisy Hodgon,461-480-5436,1/31/2022
142,out for delivery,31956 Valley Edge Crossing,Congonhas,,36415-000,Brazil,Silvano Muccino,859-865-1738,1/20/2022
143,delivered,847 Service Avenue,Pribrezhnyy,,624620,Russia,Jesse Muckersie,256-104-1916,01-10-2022
144,in transit,32 5th Center,Catriel,,8307,Argentina,Roxie Oattes,629-971-8903,09-10-2022
145,shipped,4 Truax Street,Fundong,,,Cameroon,Florie Pilsbury,368-600-4420,04-06-2022
146,in transit,05 Del Mar Crossing,Zhangping,,,China,Amy Briat,406-758-9370,8/30/2022
147,in transit,62865 Esker Lane,Dimitrovgrad,,6435,Bulgaria,Marieann Hinkins,997-353-7660,11-04-2022
148,in transit,8255 Sunbrook Terrace,Pétionville,,,Haiti,Blithe Cornelissen,943-742-3556,01-02-2022
149,out for delivery,1 Hooker Junction,Sokol’skoye,,606670,Russia,Giselle Stoke,854-286-2579,03-11-2022
150,in transit,0513 Bashford Park,Ayaviri,,,Peru,Sheryl Applebee,313-536-5930,08-06-2022
151,delivered,134 School Lane,Kefar Tavor,,,Israel,Smith Bellin,859-939-7840,2/18/2022
152,delivered,122 Corry Place,Shancheng,,,China,Fidelio Heibel,984-210-8929,05-06-2022
153,shipped,0337 Judy Parkway,Kadugedong,,,Indonesia,Bobbette Grob,472-287-2562,11-03-2022
154,in transit,6 Westport Plaza,Elias Fausto,,13350-000,Brazil,Richardo Plewright,342-851-4251,7/31/2022
155,delivered,7 Prentice Center,Liuliping,,,China,Lief Bummfrey,472-454-2115,7/28/2022
156,in transit,754 Boyd Point,Trinidad,,,Cuba,Celesta Rignoldes,705-696-9969,2/21/2022
157,out for delivery,82 Redwing Drive,Sępopol,,11-210,Poland,Maddie Kendrew,337-608-1634,2/20/2022
158,delivered,38 Gateway Road,Fuqiang,,,China,Hersh MacNamara,624-689-8650,6/18/2022
159,out for delivery,1704 Maple Wood Avenue,Shuitian,,,China,Dalton Critch,312-727-4447,6/15/2022
160,in transit,2673 Nova Hill,Danderyd,Stockholm,182 57,Sweden,Korey Cleghorn,384-639-4305,06-04-2022
161,out for delivery,52444 Roth Hill,Sasaguri,,811-2405,Japan,Hyacinthia Le Grice,249-991-5361,10-10-2022
162,in transit,4921 Kingsford Trail,Messina,Sicilia,98168,Italy,Celia Stanton,165-997-4008,04-12-2022
163,in transit,915 Susan Circle,Mari,,,Indonesia,Ebeneser Southam,170-324-5721,2/25/2022
164,shipped,34 Rowland Trail,Houston,Texas,77065,United States,Loria Elliman,713-931-8961,07-07-2022
165,out for delivery,1 Park Meadow Circle,Xuedian,,,China,Antonino Darlison,357-907-2266,11-12-2022
166,delivered,93 Ruskin Trail,Punta de Bombón,,,Peru,Amabelle Francesc,893-828-1215,6/22/2022
167,shipped,9367 Paget Alley,Dzikowiec,,36-122,Poland,Gabbey Druery,268-420-7540,03-04-2022
168,shipped,0986 Ronald Regan Road,Lyudinovo,,249406,Russia,Wells Scullin,607-450-5846,8/18/2022
169,out for delivery,1 Delaware Plaza,Ribeira das Taínhas,Ilha de São Miguel,9680-505,Portugal,Derrek Boddice,385-464-5183,11-02-2022
170,shipped,00817 Hagan Street,Kendaruan,,,Indonesia,Janela Zeplin,924-186-1043,08-08-2022
171,delivered,48683 Manley Junction,Donostia-San Sebastian,Pais Vasco,20005,Spain,Taite Darlasson,770-665-5035,5/13/2022
172,delivered,97 Harbort Street,Xuexi,,,China,Hastie Bruggen,758-445-6956,6/20/2022
173,out for delivery,2 Kipling Crossing,Basel,Kanton Basel-Stadt,4085,Switzerland,Gianina Vynarde,652-895-2015,12/28/2022
174,delivered,0061 Meadow Valley Parkway,Tiro,,,Indonesia,Alexa Oiseau,347-751-5315,5/13/2022
175,in transit,3853 Briar Crest Circle,Demyansk,,175310,Russia,Carmel Ailward,976-690-1256,11/20/2022
176,in transit,8 Loeprich Alley,Sicheng,,,China,Dode Takos,995-718-2727,7/25/2022
177,in transit,16257 Bluejay Lane,Baler Baleagung,,,Indonesia,Ferdinand Gethen,101-931-8855,1/21/2022
178,out for delivery,40370 Blackbird Way,Świętajno,,19-411,Poland,Carson Queen,317-261-1665,1/24/2022
179,out for delivery,2 Shopko Alley,Novoalekseyevskaya,,352412,Russia,Lewes Bottrell,672-595-7029,11/30/2022
180,in transit,312 Schmedeman Lane,San Antonio,,735538,Colombia,Goran Gibbens,670-901-9161,01-04-2022
181,shipped,38318 Center Street,Huxi,,,China,Garrot Parcall,664-484-3418,4/20/2022
182,delivered,3 Susan Place,Almere Haven,Provincie Flevoland,1360,Netherlands,Gary MacGillicuddy,712-640-2967,11/30/2022
183,shipped,00245 Larry Hill,Bantogon,,5322,Philippines,Shawn Grimsdyke,951-362-1438,05-12-2022
184,shipped,76869 Bluestem Park,Mianay,,5805,Philippines,Tracie Lamont,344-200-1838,6/30/2022
185,delivered,63 Barnett Terrace,Shkodër,,,Albania,Lilllie Britten,961-544-4298,11/16/2022
186,shipped,64449 Oriole Hill,Milovice,,768 02,Czech Republic,Karita Beden,412-599-5932,04-06-2022
187,delivered,3832 Crescent Oaks Road,Xarardheere,,,Somalia,Shayna Whiles,742-372-3892,4/23/2022
188,out for delivery,957 Novick Hill,Taitung City,,,Taiwan,Jordain McEttigen,915-763-7506,05-08-2022
189,delivered,682 Gale Circle,Béziers,Languedoc-Roussillon,34545 CEDEX,France,Alfi Witsey,653-495-3824,01-11-2022
190,shipped,73 East Road,Jiangshan,,,China,Roman Felton,825-271-2519,03-11-2022
191,delivered,91868 Moulton Junction,Cidolog,,,Indonesia,Tatiania Cheson,608-438-5235,12/27/2022
192,shipped,14 Mitchell Point,Jinping,,,China,Wylie Stennings,382-420-2978,07-02-2022
193,shipped,47720 Dayton Junction,Cabiao,,3107,Philippines,Elisabeth MacCaughen,175-352-5625,04-02-2022
194,in transit,6 Jenifer Alley,Altuf’yevskiy,,617724,Russia,Charin Hannam,309-666-6006,10/24/2022
195,in transit,429 Loftsgordon Drive,Banepa,,,Nepal,Rolf Harrod,979-278-5006,01-05-2022
196,delivered,603 Springview Trail,Uwelini,,,Tanzania,Dennis Duffit,293-426-2634,4/15/2022
197,out for delivery,74 Dennis Point,Chornyanka,,,Ukraine,Forester Goodday,613-751-0662,12/29/2022
198,shipped,393 Pearson Hill,Nchelenge,,,Zambia,Sherri Thickins,571-194-4628,8/17/2022
199,shipped,5835 Dahle Parkway,Cujillo,,,Peru,Aimil Baukham,356-593-5182,11/29/2022
200,shipped,10 Pennsylvania Terrace,Moog,,9019,Philippines,Teddie Paige,226-292-5127,3/26/2022
201,shipped,15824 Rockefeller Plaza,Sacramento,California,95813,United States,Thekla Ryson,916-593-8372,4/28/2022
202,shipped,8305 Sloan Avenue,Lampihung,,,Indonesia,Alvera Huzzey,197-399-4563,08-10-2022
203,in transit,66100 Logan Court,Sidomulyo Kulon,,,Indonesia,Bernadine Nerger,371-757-3657,4/20/2022
204,out for delivery,2 Anniversary Place,Yangji,,,China,Buddie Havard,636-432-3937,3/23/2022
205,out for delivery,15 International Point,La Paz de Oriente,,,Nicaragua,Thedric Ruusa,136-484-5718,3/28/2022
206,in transit,69 Old Shore Trail,Itapetinga,,45700-000,Brazil,Michail Gatward,305-919-7223,11/26/2022
207,delivered,25994 Corscot Lane,Pereiro,Viana do Castelo,4950-840,Portugal,Kissiah Bagenal,421-605-9222,4/16/2022
208,out for delivery,61232 Westport Center,Itapevi,,06650-000,Brazil,Timmie Humberstone,232-960-9786,09-07-2022
209,out for delivery,71 Donald Lane,Wasilków,,16-010,Poland,Christalle Hatwells,924-380-1457,08-07-2022
210,delivered,2 4th Circle,Babakanbungur,,,Indonesia,Vilma Mowsdell,855-338-2580,9/25/2022
211,shipped,0236 Northport Alley,Calvário,Aveiro,3740-228,Portugal,Rozamond Kilduff,704-149-0217,12-10-2022
212,shipped,1773 7th Place,Jiaocha,,,China,Ethelred Poupard,586-422-7108,10-04-2022
213,out for delivery,8609 Hallows Crossing,Orsay,Île-de-France,91851 CEDEX,France,Marven Brackenridge,511-908-2637,5/30/2022
214,delivered,65 Helena Crossing,Mungyeong,,,South Korea,Stefa Lorenzetto,642-295-7026,08-09-2022
215,out for delivery,53521 Lien Crossing,Łącko,,33-390,Poland,Lyndell Henri,448-985-0321,1/28/2022
216,in transit,08 Arizona Junction,Hai Riêng,,,Vietnam,Querida Stollberger,502-833-2449,2/15/2022
217,delivered,78 Merry Street,Gävle,Gävleborg,801 06,Sweden,Konstantine Boys,519-940-6453,01-07-2022
218,shipped,70578 Birchwood Pass,Bangshipu,,,China,Sallyann Ashment,371-970-2175,12/17/2022
219,delivered,5682 Sommers Crossing,Zhuangtou,,,China,Ricky McLachlan,974-157-4131,08-10-2022
220,in transit,87128 Kipling Court,Palebunan,,,Indonesia,Josie Dawidowsky,362-535-9035,4/13/2022
221,out for delivery,8260 Thompson Point,Lubuk Sikaping,,,Indonesia,Fanny Ong,662-946-9164,7/23/2022
222,in transit,2020 Melvin Junction,Zhaogezhuang,,,China,Mattheus Yacobsohn,680-779-9402,8/13/2022
223,out for delivery,7 Granby Way,Zaleszany,,37-415,Poland,Freddie Tomlinson,932-815-8142,1/28/2022
224,shipped,5 Merry Place,Novovasylivka,,,Ukraine,Traci Braddick,905-342-5864,10/15/2022
225,in transit,51613 Pleasure Pass,Novosel’ye,,,Belarus,Lukas Ayris,526-576-7380,2/14/2022
226,out for delivery,5 Burning Wood Road,Paringin,,,Indonesia,Chere Jubert,714-692-0054,03-05-2022
227,in transit,1686 Fieldstone Way,Ladoeiro,Castelo Branco,6060-205,Portugal,Nola Bovaird,601-312-1034,8/27/2022
228,in transit,0614 Shelley Pass,Hŭngju-dong,,,North Korea,Clo Keers,277-768-3221,01-08-2022
229,delivered,189 Grasskamp Lane,Milano,Lombardia,20158,Italy,Kathye Castiglio,113-820-2155,2/23/2022
230,delivered,202 Jenna Drive,Huating,,,China,Lucille Achromov,903-430-6776,04-10-2022
231,delivered,0 Anderson Hill,Pueblo Nuevo,,,Peru,Hyacinthie McAree,452-896-5096,11/21/2022
232,shipped,904 American Ash Avenue,Mabalacat,,2010,Philippines,Law Argo,948-978-1731,8/19/2022
233,delivered,77 Anniversary Park,Paulínia,,13140-000,Brazil,Kenton Zink,793-392-2132,7/24/2022
234,delivered,4 Arizona Alley,Medveditskiy,,403772,Russia,Fanni Rennicks,694-265-7637,01-04-2022
235,in transit,9 Straubel Avenue,Sandakan,Sabah,90736,Malaysia,Mord Smeeth,698-116-1711,08-05-2022
236,delivered,55483 Moland Street,Ḩātim,,,Jordan,Arvin Eustice,754-901-9133,11/24/2022
237,in transit,7535 Utah Parkway,Krajan C Wonorejo,,,Indonesia,Doloritas Gorcke,813-503-6146,10-02-2022
238,out for delivery,47 Delaware Hill,Yuecheng,,,China,Libbie Whittlesea,919-202-4397,06-03-2022
239,shipped,71 Warbler Terrace,Orange Farm,,1841,South Africa,Kore Bugg,904-873-0703,05-06-2022
240,out for delivery,5832 Quincy Crossing,Misasi,,,Tanzania,Hastie Dow,193-572-7704,8/22/2022
241,in transit,611 Stuart Circle,Dearborn,Michigan,48126,United States,Patrice Greenroad,734-279-2508,07-08-2022
242,out for delivery,06505 Fuller Hill,Slobozia,,MD-4233,Moldova,Rene Ace,706-305-2432,05-04-2022
243,in transit,0 Susan Pass,Tangguhang,,,Indonesia,Werner Hoggins,939-199-4921,4/13/2022
244,delivered,0416 Pankratz Terrace,Ndjolé,,,Gabon,Regan Storry,362-313-5635,5/29/2022
245,out for delivery,03 Hoepker Point,Patea,,4545,New Zealand,Rudyard Meran,176-888-0170,2/25/2022
246,delivered,3656 Morning Trail,Nanyulinxi,,,China,Edgardo Bansal,805-348-6365,02-09-2022
247,in transit,03 Grayhawk Hill,São Mateus,Ilha do Pico,9950-525,Portugal,Udale Chape,210-739-6659,2/21/2022
248,delivered,59 Eggendart Lane,Estaca,,1123,Philippines,Car Zannetti,268-743-6007,9/27/2022
249,out for delivery,3 Tomscot Road,Barra dos Coqueiros,,49140-000,Brazil,Kelly Lanham,947-342-3412,8/14/2022
250,in transit,37 Welch Crossing,Kalilangan,,8718,Philippines,Herschel Jewiss,774-699-2061,03-11-2022
251,delivered,026 Wayridge Point,Arroyo Seco,,5196,Argentina,Averil Ludovico,606-218-4424,01-06-2022
252,shipped,5811 Roxbury Crossing,Dahewan,,,China,Damon Keems,135-825-2245,5/29/2022
253,out for delivery,069 Bobwhite Park,Luokou,,,China,Waylin Thresh,644-610-7767,5/31/2022
254,delivered,91291 Vermont Alley,Carpentras,Provence-Alpes-Côte d'Azur,84204 CEDEX,France,Alexandro Ruegg,241-319-7023,12/26/2022
255,in transit,0620 Ridgeway Alley,Xilin Hot,,,China,Rooney Wennam,170-940-9996,08-02-2022
256,in transit,19199 Paget Junction,Cholet,Pays de la Loire,49309 CEDEX,France,Yank Felkin,939-389-2037,2/17/2022
257,out for delivery,47051 Kropf Hill,Izyaslav,,,Ukraine,Domenico Amey,870-121-8491,5/21/2022
258,in transit,100 Hagan Street,Bhawāna,,35351,Pakistan,Gil Ingon,591-305-6737,6/23/2022
259,in transit,370 6th Way,Bayshint,,,Mongolia,Talbot Guerri,819-909-4722,11/22/2022
260,out for delivery,2 Towne Terrace,Borås,Västra Götaland,507 10,Sweden,Jayson Aucoate,946-828-9000,10/30/2022
261,delivered,472 Bartillon Avenue,Khlong Hat,,27260,Thailand,Corrie Hebblewhite,998-260-2729,1/26/2022
262,shipped,61 Mockingbird Way,Loga,,,Indonesia,Florinda Bulgen,990-868-3823,8/17/2022
263,in transit,289 East Point,Anle,,,China,Fey Ciani,569-922-7070,7/31/2022
264,shipped,58 Mendota Lane,Pamarayan,,,Indonesia,Vinny Ryam,494-741-7359,02-02-2022
265,in transit,3952 Kings Street,Auch,Midi-Pyrénées,32004 CEDEX,France,Barth Hurle,550-819-6678,05-01-2022
266,out for delivery,279 Warner Trail,Purwodadi,,,Indonesia,Melonie Corter,893-403-8397,9/15/2022
267,delivered,55 4th Place,Rosh Ha‘Ayin,,,Israel,Alys Konerding,251-549-7372,2/15/2022
268,out for delivery,7574 Saint Paul Pass,Lanipao,,9313,Philippines,Craggy O'Hallagan,888-862-7910,6/14/2022
269,out for delivery,245 Crescent Oaks Point,Beidu,,,China,Bernardina Rennox,474-437-4306,03-11-2022
270,delivered,313 Kipling Drive,Enjiang,,,China,Fraser Lusted,677-678-7540,3/17/2022
271,shipped,972 Clarendon Drive,Pas Pul,,,Afghanistan,Ediva Faustin,255-809-8743,7/31/2022
272,shipped,50544 Cody Center,Novo-Peredelkino,,143015,Russia,Sibyl Lilburne,573-960-5472,4/25/2022
273,out for delivery,44 Mandrake Parkway,Hüremt,,,Mongolia,Daniella Woloschinski,659-369-8536,3/26/2022
274,shipped,7579 Fieldstone Street,Guapi,,196009,Colombia,Ingaberg Pilsworth,291-657-9454,06-04-2022
275,shipped,88 Trailsway Way,Paradahan,,4114,Philippines,Marga Revening,342-432-5153,10/29/2022
276,in transit,4 Stuart Park,Rio das Ostras,,28890-000,Brazil,Albertina Swanger,200-406-5322,4/13/2022
277,delivered,89 Magdeline Drive,Viso,Viana do Castelo,4950-070,Portugal,Silvain Watmough,282-498-1542,10/18/2022
278,shipped,7530 Bobwhite Alley,El Bálsamo,,,Honduras,Deina Vassie,571-824-2196,2/24/2022
279,shipped,84500 Canary Center,Sidomulyo Kulon,,,Indonesia,Ibbie Gore,970-294-7909,3/26/2022
280,delivered,7739 Haas Center,Pandangan Kulon,,,Indonesia,James Lemanu,848-770-9623,08-11-2022
281,delivered,712 Spaight Junction,Balindong,,9318,Philippines,Dwayne Coleford,652-309-9871,11/29/2022
282,out for delivery,9 Kipling Drive,Sanrao,,,China,Ches Coldham,726-932-7721,12/27/2022
283,shipped,5 Badeau Pass,Kingston,,,Norfolk Island,Irene Saunter,772-531-2519,02-06-2022
284,out for delivery,3 Elgar Terrace,Avignon,Provence-Alpes-Côte d'Azur,84902 CEDEX 9,France,Bobette Trembey,775-591-9559,10-04-2022
285,in transit,8 Northland Drive,Huxi,,,China,Leshia O' Driscoll,527-342-4200,3/20/2022
286,in transit,09 Mariners Cove Way,Hekou,,,China,Timothee Keppel,712-869-9362,6/16/2022
287,delivered,74388 Ridgeway Point,Ostrowite,,87-522,Poland,Brig Iorns,616-623-7625,12-03-2022
288,out for delivery,8 Hoard Center,Souran,,,Syria,Antoinette Blanckley,231-854-7402,06-02-2022
289,shipped,2768 Esch Point,Lens,Nord-Pas-de-Calais,62335 CEDEX,France,Darnall Craigg,119-142-4923,06-02-2022
290,delivered,15 Waubesa Place,Omaha,Nebraska,68117,United States,Shanna Bottle,402-861-4495,08-05-2022
291,delivered,8662 Express Point,Stoney Ground,,,Anguilla,Mattheus Morrowe,156-956-9960,12/22/2022
292,out for delivery,8902 Magdeline Center,Šumperk,,787 01,Czech Republic,Ancell Camell,787-913-1576,12/13/2022
293,in transit,165 Sutteridge Drive,Al Kittah,,,Jordan,Lorettalorna Chelley,323-193-9980,8/28/2022
294,out for delivery,53395 Logan Court,Rabat,,,Morocco,Jenny Behagg,960-360-4819,4/16/2022
295,shipped,4437 Londonderry Road,Barmash,,,Albania,Alysia Rozsa,903-213-2086,3/22/2022
296,out for delivery,914 Dryden Way,Syriam,,,Myanmar,Bertie Phibb,985-504-5856,3/29/2022
297,shipped,818 Drewry Terrace,Yunfu,,,China,Inga Menghi,429-406-3483,07-06-2022
298,in transit,0 Vernon Pass,Jeminay,,,China,Evin Di Matteo,950-278-0619,7/31/2022
299,shipped,835 Aberg Center,Sinchao,,,Peru,Selby Hulance,801-812-8131,02-04-2022
300,out for delivery,9208 Butterfield Circle,Korydallós,,,Greece,Lisette Luquet,155-735-5980,11/28/2022
301,out for delivery,87481 Hooker Junction,Jixing,,,China,Richardo Semmens,732-934-2715,07-06-2022
302,in transit,36 Vera Terrace,Halayhay,,2207,Philippines,Rachael Birtle,565-242-8151,05-09-2022
303,in transit,05 Hudson Road,Beitan,,,China,Thekla Hairon,970-390-1039,11/27/2022
304,delivered,7596 Leroy Parkway,Ondo,,,Nigeria,Demetris Crosham,916-938-5605,6/13/2022
305,delivered,891 Portage Parkway,Bolondrón,,,Cuba,Betti Kerwen,454-903-1577,12/29/2022
306,delivered,5363 Morning Plaza,Kapsan-ŭp,,,North Korea,Glad Standering,823-869-9348,10/18/2022
307,in transit,233 4th Hill,Sukowono,,,Indonesia,Audrye Vitte,434-887-0081,9/14/2022
308,delivered,923 Hoepker Junction,Semey,,,Kazakhstan,Rennie Jeffes,280-594-3000,4/15/2022
309,delivered,202 Forster Drive,Saint Louis,Missouri,63143,United States,Benedicta Sooper,314-613-4608,10-04-2022
310,delivered,2279 Warrior Junction,Kuching,Sarawak,93916,Malaysia,Leonardo Boschmann,586-930-5488,09-06-2022
311,delivered,19 Cambridge Road,Fond du Sac,,,Mauritius,Jose Cramb,221-706-5825,11/23/2022
312,in transit,35373 Hoard Way,Kalayemule,,,China,Stephanie Fewster,270-769-1799,4/21/2022
313,shipped,6 Golden Leaf Center,Gomel,,,Belarus,Paxon Condie,982-771-3479,1/27/2022
314,in transit,2254 Menomonie Junction,Salamrejo,,,Indonesia,Holmes Cusiter,481-102-2481,7/23/2022
315,in transit,71 Cody Plaza,Tata,,,Morocco,Yvette Zelley,317-472-0469,12/13/2022
316,out for delivery,01 Towne Court,Sumuran,,,Indonesia,Tadeo Works,169-336-7410,3/28/2022
317,delivered,47709 Sommers Hill,Obas,,,Peru,Andrew Vella,166-715-4863,4/25/2022
318,out for delivery,98716 Hazelcrest Junction,Baizhu,,,China,Rolfe Yersin,989-336-4965,4/13/2022
319,in transit,8902 Caliangt Terrace,Loboniki,,,Indonesia,Shara Margrie,592-424-2710,2/15/2022
320,delivered,04255 Brown Center,Puerto Barrios,,18001,Guatemala,Lottie Stickney,300-440-5151,3/22/2022
321,shipped,4555 Stephen Place,Pivijay,,477058,Colombia,Cord Theaker,847-260-2487,01-01-2022
322,out for delivery,14677 Kensington Hill,Ljungby,Kronoberg,341 70,Sweden,Darrick Torrent,423-121-8649,4/15/2022
323,in transit,752 Anthes Lane,Bécancour,Québec,G9H,Canada,Charla Escot,221-159-1814,8/13/2022
324,shipped,8 Bluestem Place,Markovo,,666779,Russia,Tabitha Pockett,471-628-1431,5/24/2022
325,delivered,79681 Swallow Park,Kolyshley,,442830,Russia,Reena Tapper,288-767-5502,10/26/2022
326,shipped,558 Mifflin Road,Bocos,,3601,Philippines,Zarla Hearse,359-967-4931,11-02-2022
327,in transit,4 Corry Crossing,Néma,,,Mauritania,Gustav Southwell,186-169-4133,12/28/2022
328,shipped,1 Haas Terrace,Ulashan,,,China,Dylan Stallworthy,611-665-2719,07-12-2022
329,out for delivery,16724 Aberg Circle,Esquina,,5131,Argentina,Cassandry Vasyukhnov,666-623-2387,04-08-2022
330,delivered,69071 Del Mar Junction,Coromandel,,3543,New Zealand,Fletch Marchington,312-902-9510,3/22/2022
331,delivered,4515 Golf Course Place,Samothráki,,,Greece,Ezechiel Slowley,401-812-5357,10-04-2022
332,delivered,665 Union Place,Besko,,38-524,Poland,Benoite Pedley,423-368-6970,08-02-2022
333,out for delivery,86939 Monument Court,Yongjiahe,,,China,Joseito Brecknell,545-264-7810,09-11-2022
334,out for delivery,91280 Farmco Alley,Qingshan,,,China,Demetri Leefe,129-899-1490,06-02-2022
335,shipped,4437 Ruskin Way,Farinheiras,Setúbal,2840-044,Portugal,Marti Francioli,329-456-5630,12-11-2022
336,in transit,28018 Beilfuss Pass,Zhongcun,,,China,Davy Roberti,923-309-5908,6/21/2022
337,delivered,213 Welch Way,Mników,,32-064,Poland,Nealon Leonarde,235-720-5117,5/13/2022
338,out for delivery,39 Gateway Alley,Zhangzhu,,,China,Jemima Duinkerk,535-893-1779,12-04-2022
339,in transit,3550 Granby Plaza,Rybnaya Sloboda,,422650,Russia,Lemuel Pentin,761-117-4540,01-09-2022
340,in transit,94045 Packers Lane,Siukh,,368978,Russia,Sterling Mailey,443-437-6729,6/23/2022
341,out for delivery,213 Pond Drive,Oslo,Oslo,376,Norway,Vevay Rusted,263-972-5229,9/15/2022
342,shipped,58302 Brown Terrace,Torre,Guarda,6320-475,Portugal,Ailyn Wimms,160-484-3107,09-03-2022
343,delivered,2 Jenifer Avenue,Morgados,Setúbal,2865-613,Portugal,Haley Bodicum,532-201-1886,10-01-2022
344,delivered,761 Schlimgen Parkway,Zhongshi,,,China,Micheil Bengtsen,530-274-6151,8/18/2022
345,shipped,50 Pankratz Trail,Kasongo,,,Democratic Republic of the Congo,Cheryl Choake,602-874-8402,11/13/2022
346,delivered,94234 Red Cloud Junction,Xingou,,,China,Lemmy Alfwy,256-541-1384,07-08-2022
347,in transit,1 Dovetail Alley,Solna,Stockholm,171 78,Sweden,Amitie Iacobini,241-521-8630,04-08-2022
348,in transit,34 Mockingbird Junction,København,Region Hovedstaden,1577,Denmark,Cherye Geillier,465-377-0770,2/25/2022
349,in transit,2 Rusk Alley,Старо Нагоричане,,1312,Macedonia,Porty Trayton,495-624-1735,01-12-2022
350,shipped,15588 Rutledge Junction,Santa Ana,,,Venezuela,Jaclyn Riseley,585-545-0470,04-12-2022
351,out for delivery,35 Vahlen Parkway,Kotri,,76000,Pakistan,Irina Seiffert,175-766-3527,05-12-2022
352,out for delivery,54 Anderson Trail,Chuanbu,,,China,Junia Sedman,751-134-7764,10/28/2022
353,shipped,11 Waxwing Alley,Amqui,Québec,G5J,Canada,Jessamine Relton,999-832-6864,12-08-2022
354,shipped,7 Swallow Road,Ramaram,,,Indonesia,Gleda Hablot,984-503-6058,4/16/2022
355,shipped,5 Prairie Rose Park,Fenglin,,,China,Gayel Bluett,413-257-6901,2/17/2022
356,delivered,432 Caliangt Junction,Mabyan,,,Yemen,Karlis Binks,467-310-8768,7/24/2022
357,out for delivery,6 Wayridge Trail,Al Mashāf,,,Yemen,Averil Thowless,217-921-0969,06-02-2022
358,out for delivery,7 Bunting Hill,Damaying,,,China,Dodi Stood,116-228-4017,11-12-2022
359,in transit,23 Redwing Hill,Omaruru,,,Namibia,Helen-elizabeth Nairy,527-552-2881,03-12-2022
360,delivered,244 Rigney Street,Haihui,,,China,Marigold Chevalier,371-448-4762,3/24/2022
361,out for delivery,5 Spenser Alley,Sāqayn,,,Yemen,Reade Eade,586-532-2310,12-02-2022
362,delivered,72 Harper Lane,Jeonju,,,South Korea,Giulio Maytum,306-525-6966,11/22/2022
363,in transit,109 Grover Parkway,Tuupovaara,,82730,Finland,Sanders Fleeming,259-651-6631,5/16/2022
364,shipped,6626 Ridgeway Pass,Khryashchevka,,445146,Russia,Paddy Boyington,762-790-9276,05-01-2022
365,delivered,0660 Hagan Lane,Dembī Dolo,,,Ethiopia,Norrie Dumbrill,318-774-5971,02-09-2022
366,out for delivery,91 Hansons Place,Austin,Texas,78737,United States,Merrilee O' Reagan,512-674-0054,3/24/2022
367,out for delivery,98235 Express Trail,Zhaotong,,,China,Dorise Wudeland,758-453-6262,12/24/2022
368,in transit,07 Hooker Alley,Vale Flores,Lisboa,2710-680,Portugal,Melessa Upstone,353-188-1442,09-07-2022
369,shipped,44 Katie Court,Xihe,,,China,Silva Klimkin,185-822-9805,11/25/2022
370,delivered,1 Welch Terrace,Rajal Norte,,6130,Philippines,Phyllys Mateescu,533-332-8194,9/13/2022
371,shipped,36 Rieder Circle,Satis,,607328,Russia,Raffaello Perchard,356-339-6475,2/25/2022
372,delivered,61176 Oneill Terrace,Jacksonville,Florida,32277,United States,Sandy Addey,904-126-9019,07-07-2022
373,out for delivery,27 Shopko Road,Rzeczenica,,77-304,Poland,Mechelle Iannuzzelli,536-431-0808,11/13/2022
374,out for delivery,0087 Dapin Terrace,Santa Bernardina,,,Uruguay,Ranique Poad,780-352-9819,7/16/2022
375,delivered,0434 Lerdahl Road,Wenfang,,,China,Nikita Embury,968-142-5309,6/21/2022
376,delivered,926 Amoth Lane,Minante Segundo,,3306,Philippines,Goldie Tabart,142-379-3546,4/21/2022
377,out for delivery,48564 Loftsgordon Avenue,Xi’an,,,China,Jacquelynn Tripp,651-967-0097,11-04-2022
378,shipped,570 Victoria Crossing,Ipoh,Perak,30760,Malaysia,Ritchie Le Grys,625-283-3168,11/25/2022
379,in transit,9 Delaware Center,Nong Bun Nak,,42130,Thailand,Michail Sill,189-346-8444,11/29/2022
380,out for delivery,9 Anniversary Court,Belčišta,,6344,Macedonia,Kinnie Skirving,124-441-1763,02-11-2022
381,delivered,94 Golf Center,Karang Daye,,,Indonesia,Natty Chance,276-545-5319,5/16/2022
382,shipped,90506 West Court,Mionica,,,Bosnia and Herzegovina,Claiborn Wycliffe,487-667-4465,7/18/2022
383,delivered,8 Chinook Trail,Berea,,4362,South Africa,Marven Ryle,720-819-9940,05-01-2022
384,out for delivery,3 Sunbrook Place,Taramana,,,Indonesia,Meir Glanton,347-789-8974,9/28/2022
385,delivered,91 Pearson Parkway,Al Mazra‘ah,,,Syria,Nolly Lavelle,332-506-9783,10/23/2022
386,out for delivery,4 Declaration Court,Linamon,,9201,Philippines,Dulcie Vance,446-869-2534,3/13/2022
387,in transit,4804 Montana Lane,Tiedonglu,,,China,Kalie Arderne,481-876-1058,02-03-2022
388,in transit,529 Express Crossing,Hobscheid,,L-8374,Luxembourg,Nanice Cleiment,579-140-6198,12-04-2022
389,delivered,8224 Rieder Pass,Bílovice,,687 12,Czech Republic,Ryon Allner,864-991-2417,09-08-2022
390,in transit,454 Bonner Way,Chust Shahri,,,Uzbekistan,Diannne Prahl,246-130-6433,07-10-2022
391,in transit,140 Elgar Circle,Veshnyaki,,303812,Russia,Edyth Barbrick,430-642-7257,10/14/2022
392,shipped,829 Coolidge Circle,Envigado,,55428,Colombia,Reube Gaffer,622-113-6639,08-11-2022
393,out for delivery,33 Union Place,Bamban,,2317,Philippines,Erich Stratz,263-911-1366,05-07-2022
394,delivered,4 Roxbury Pass,Nyūzen,,939-0751,Japan,Annabelle Antonelli,949-679-8565,5/28/2022
395,out for delivery,097 Mitchell Point,Barda,,,Azerbaijan,Frankie Sackey,451-480-4549,02-04-2022
396,shipped,920 Eggendart Hill,Las Animas,,,Chile,Sammie Urpeth,710-948-4921,12/23/2022
397,delivered,5 Meadow Valley Trail,Tarouca,Viseu,3610-005,Portugal,Aili Bevan,526-244-5449,3/28/2022
398,delivered,572 Troy Trail,Jönköping,Jönköping,553 02,Sweden,Giff Truss,181-779-3270,7/27/2022
399,in transit,0885 Thierer Way,Rubiataba,,76350-000,Brazil,Porty Kybbye,806-457-0213,03-08-2022
400,in transit,48113 Gerald Alley,San Nicolas,,4207,Philippines,Clarey Doudney,807-789-9761,8/28/2022
401,in transit,702 Bayside Avenue,Orleans,,88870-000,Brazil,Stanly Bohling,578-534-1449,03-03-2022
402,delivered,64465 Fuller Pass,Kandy,,20000,Sri Lanka,Aldin McWilliams,288-489-9142,12/23/2022
403,in transit,47178 Riverside Park,Jardoeira,Leiria,2440-370,Portugal,Robb Jarratt,533-547-6389,9/16/2022
404,out for delivery,59 Green Ridge Court,Kacha,,,Ukraine,Rinaldo Alvey,296-379-5406,12/29/2022
405,delivered,132 Manufacturers Avenue,Sawahan,,,Indonesia,Karena Nestor,302-125-7931,9/23/2022
406,delivered,85 Park Meadow Street,Jarocin,,63-202,Poland,Marjory Rase,479-979-8385,1/19/2022
407,in transit,71838 Summer Ridge Center,Zaolin,,,China,Enrica Warbys,708-699-2556,03-05-2022
408,out for delivery,7801 Dovetail Park,Pantin,Île-de-France,93691 CEDEX,France,Karly Rambaut,217-955-0437,12-04-2022
409,in transit,02226 International Junction,Ḩawsh ‘Īsá,,,Egypt,Carmelia Worgan,871-630-4948,6/20/2022
410,delivered,3 Hansons Parkway,Arroyo Naranjo,,,Cuba,Crawford McGilben,119-356-5899,1/16/2022
411,shipped,58828 Upham Way,Tol’yatti,,456922,Russia,Bill Stares,114-790-5109,10/26/2022
412,shipped,43 Sycamore Crossing,Hallstavik,Stockholm,763 42,Sweden,Yulma Cottem,982-640-4655,02-02-2022
413,out for delivery,6530 American Pass,Komono,,811-3122,Japan,Wini Lafoy,132-558-0552,5/30/2022
414,delivered,29 Welch Point,Rusocice,,34-115,Poland,Twila Thayre,564-148-5374,9/24/2022
415,shipped,8265 Ludington Place,Zolotonosha,,,Ukraine,Barny Bellhouse,188-929-7900,08-04-2022
416,shipped,57 Golf View Trail,Estaca,,1123,Philippines,Leoine Week,681-992-4012,3/18/2022
417,out for delivery,53758 Vera Way,Ivanec,,42240,Croatia,Toinette Coxen,324-901-2802,1/20/2022
418,out for delivery,94922 Tomscot Drive,Jahāniān Shāh,,40231,Pakistan,Lily Grigoriev,540-554-6548,7/19/2022
419,shipped,3963 Lotheville Plaza,Manggu,,,Indonesia,Cort Adanet,537-723-2712,8/28/2022
420,out for delivery,21403 Ilene Avenue,Gaozhuang,,,China,Gerhardt Sherborne,403-319-4378,05-05-2022
421,delivered,372 Summerview Way,Mazeikiai,,89066,Lithuania,Laurianne Puddin,283-503-8231,2/18/2022
422,in transit,74501 Reinke Drive,Abiko,,595-0031,Japan,Cosmo Greetham,443-472-3276,9/26/2022
423,in transit,95 Haas Junction,Malaḩ,,,Syria,Dunstan Andrey,727-668-7917,07-07-2022
424,shipped,00846 Messerschmidt Street,Loujiadian,,,China,Washington Snowdon,510-868-9431,10-05-2022
425,shipped,017 Continental Terrace,Pantano do Sul,,78830-000,Brazil,Morganica Sandall,149-685-0092,7/13/2022
426,out for delivery,91 Sugar Lane,Khilok,,673201,Russia,Troy Wanka,763-915-6869,12-06-2022
427,delivered,15529 Pleasure Place,Macapá,,68900-000,Brazil,Lawry Corse,588-918-7111,1/31/2022
428,out for delivery,3 Del Sol Crossing,Sheli,,,China,Torrie Blum,205-932-8537,8/28/2022
429,delivered,74167 Arrowood Road,Phú Khương,,,Vietnam,Koo Olijve,413-930-6277,7/23/2022
430,in transit,7 Browning Trail,Al Ḩawātah,,,Sudan,Niall Brookbank,366-725-4359,5/19/2022
431,shipped,38 Doe Crossing Street,Gurbuki,,368547,Russia,Jesus Antczak,924-768-8826,5/25/2022
432,in transit,51668 Utah Street,Gēdo,,,Ethiopia,Nanice Furlong,882-753-1290,12/30/2022
433,shipped,20 Butternut Center,Treinta y Tres,,,Uruguay,Lem Van T'Hoog,752-331-2202,9/21/2022
434,shipped,376 Manley Street,Kuala Lumpur,Kuala Lumpur,50653,Malaysia,Walden Hickinbottom,985-737-3853,05-01-2022
435,out for delivery,592 Pine View Trail,Shicong,,,China,Rozanne Forrington,164-217-6997,02-01-2022
436,delivered,811 Merry Avenue,Den Chai,,54140,Thailand,Helli Karpfen,161-402-2774,11/16/2022
437,shipped,0 Mayer Road,Komarno,,,Ukraine,Madonna Martyns,840-320-5481,5/13/2022
438,out for delivery,5 Crescent Oaks Parkway,Margotuhu Kidul,,,Indonesia,Jenni Cloney,771-229-5304,06-12-2022
439,shipped,22284 Dennis Drive,Dakhla,,,Western Sahara,Nevil Brislan,448-576-4671,09-02-2022
440,out for delivery,6682 Dryden Park,Hägersten,Stockholm,126 31,Sweden,Tore Bickerton,745-275-1458,04-09-2022
441,out for delivery,48197 Quincy Plaza,Kaduengang,,,Indonesia,Morly Potell,696-129-8975,3/15/2022
442,in transit,298 Maple Plaza,Jenggawah,,,Indonesia,Sydney Kelcey,841-704-7382,4/13/2022
443,shipped,2 Morningstar Crossing,Markaz al Marīr,,,Yemen,Amelina Rosenstiel,114-262-4783,12-12-2022
444,shipped,2 Glacier Hill Center,Mailsi,,61200,Pakistan,Shalne Decruse,358-647-8078,07-05-2022
445,delivered,35 Parkside Crossing,Yallahs,,,Jamaica,Ruthe Struijs,473-265-8476,8/15/2022
446,out for delivery,5 Anderson Street,Krebet,,,Indonesia,Ethelbert DelaField,254-427-7303,11-10-2022
447,delivered,09 Pleasure Circle,Kolomyagi,,198264,Russia,Hagan De Minico,816-317-8144,9/19/2022
448,in transit,5840 7th Center,Mazhu,,,China,Carson Corbie,107-751-7647,9/17/2022
449,out for delivery,644 Reinke Center,Kamennogorsk,,188950,Russia,Cloris Norree,648-642-0692,04-12-2022
450,out for delivery,95 Lukken Drive,Khārān,,94100,Pakistan,Asa Peracco,102-350-7234,02-05-2022
451,delivered,6913 Del Mar Center,Punolu,,1114,Philippines,Sallyanne Windham,336-928-2188,9/27/2022
452,delivered,4 Vermont Pass,Tembilahan,,,Indonesia,Nert Datte,708-213-9119,9/21/2022
453,out for delivery,601 Atwood Drive,Volodymyr-Volyns’kyy,,,Ukraine,Edlin Hefford,133-605-9415,12/14/2022
454,out for delivery,77585 Harbort Junction,Jõgeva,,,Estonia,Evelyn Bridgnell,648-756-5766,11-01-2022
455,in transit,111 Utah Center,Bala Murghab,,,Afghanistan,Rachelle Guillem,564-681-5373,7/24/2022
456,in transit,03910 Farwell Court,Bjelovar,,43000,Croatia,Rosie Roxburgh,470-954-7234,5/18/2022
457,in transit,4399 Gina Way,Siikajoki,,92320,Finland,Raymond Stuttard,159-240-0190,05-06-2022
458,out for delivery,11 Ilene Trail,Hobart,Tasmania,7808,Australia,Sterne Fitzsymon,883-689-1465,03-04-2022
459,in transit,78 Starling Hill,São Mateus,,29930-000,Brazil,Latashia Ochterlonie,495-648-6229,8/17/2022
460,in transit,7 Saint Paul Hill,Gusong,,,China,Juanita Gibbonson,835-443-2060,06-11-2022
461,out for delivery,3944 Lighthouse Bay Plaza,Qarāwul,,,Afghanistan,Lefty Pettitt,273-779-9181,10/17/2022
462,in transit,7 Mifflin Way,Minshan,,,China,Ingelbert MacFadzean,573-197-1143,8/19/2022
463,delivered,010 Delaware Junction,Daliu,,,China,Janot Cansfield,459-247-6005,9/16/2022
464,shipped,1 Bunting Road,Huaqiao,,,China,Eve Schulter,112-609-6517,09-01-2022
465,delivered,4728 Southridge Pass,Ipaba,,35198-000,Brazil,Bourke Bynert,389-366-2655,02-11-2022
466,delivered,275 Manitowish Parkway,London,England,W1F,United Kingdom,Lane Tresvina,934-788-3915,10/16/2022
467,out for delivery,76783 Fuller Avenue,Kinatakutan,,4321,Philippines,Penni Schukraft,570-242-1768,7/22/2022
468,shipped,2 Lakewood Gardens Drive,Jalupang Dua,,,Indonesia,Neilla Larway,705-914-3851,4/22/2022
469,in transit,06 Shopko Crossing,Gazimurskiy Zavod,,102213,Russia,Hedwig Coo,987-167-2436,07-03-2022
470,out for delivery,41 Westend Hill,Moca,,11803,Dominican Republic,Benjie Deveraux,274-862-6891,08-12-2022
471,delivered,30 Express Way,Sundawenang,,,Indonesia,Myrah Ridgewell,845-142-6977,05-08-2022
472,in transit,4 Morrow Road,Itapemirim,,29330-000,Brazil,Buckie Arnke,405-246-8539,08-05-2022
473,shipped,9097 Magdeline Park,Yāsūf,,,Palestinian Territory,Patty Garthland,233-472-0637,4/17/2022
474,shipped,09418 Morningstar Avenue,Calamba,,7210,Philippines,Minda Eastcourt,578-642-5260,07-01-2022
475,in transit,05 Surrey Parkway,Mae Lan,,94180,Thailand,Miguel Wherrett,120-358-3910,12-06-2022
476,in transit,59443 Ilene Crossing,Sindangsari,,,Indonesia,Marylou Parsonage,318-477-9297,8/14/2022
477,shipped,89669 Ridgeview Circle,Stoszowice,,57-215,Poland,Ralina Rolley,740-105-1331,03-01-2022
478,in transit,809 Dayton Center,Strängnäs,Södermanland,645 51,Sweden,Sanson Layhe,269-409-2687,3/14/2022
479,delivered,171 Pawling Terrace,Almelo,Provincie Overijssel,7609,Netherlands,Aveline Braunroth,332-836-7730,03-04-2022
480,out for delivery,57 Susan Park,Ping’an,,,China,Malissia Forrester,887-865-9654,06-04-2022
481,out for delivery,87 Eastlawn Way,Oetuke,,,Indonesia,Gunar Bedin,633-590-2240,2/28/2022
482,delivered,8586 Maryland Hill,Plottier,,8316,Argentina,Germain Pepperill,721-660-1215,6/15/2022
483,delivered,2085 Crowley Street,Baishi,,,China,Yuma Stife,402-812-3695,10-01-2022
484,shipped,08817 Chive Street,Málaga,,682027,Colombia,Guillermo Whanstall,473-205-7534,10-09-2022
485,out for delivery,037 Morrow Circle,Örebro,Örebro,701 48,Sweden,Sylvan Antonowicz,867-124-6488,10-11-2022
486,out for delivery,0921 Knutson Avenue,Vaasa,,66999,Finland,Poul Mourbey,728-651-2642,05-03-2022
487,in transit,958 Sunnyside Terrace,Los Pinos,Michoacan De Ocampo,61650,Mexico,Daven Brindley,376-726-7917,5/22/2022
488,delivered,673 Eastlawn Plaza,San Jose,California,95128,United States,Wrennie Philippart,714-695-5894,6/16/2022
489,shipped,402 Becker Alley,Gibbons,Alberta,M1E,Canada,Gael Beare,891-305-1429,6/16/2022
490,delivered,38030 Susan Street,Yunfu,,,China,Lissa Morrid,900-764-7020,3/17/2022
491,shipped,29552 Anderson Lane,Majagual,,703058,Colombia,Shepperd Louthe,226-532-2496,4/19/2022
492,out for delivery,674 Harbort Road,Qujiang,,,China,Kelcy Elloway,284-862-9632,10/30/2022
493,shipped,2740 Ludington Plaza,Linjiang,,,China,Arte Denekamp,512-884-5980,05-01-2022
494,delivered,39722 Carey Crossing,Barra,,47100-000,Brazil,Cleon Langlois,579-481-2968,11-02-2022
495,in transit,550 Trailsway Plaza,Kaiyuan,,,China,Iosep O'Haire,982-984-5455,6/18/2022
496,in transit,486 Fieldstone Circle,Mizhirah,,,Saudi Arabia,Elwyn Bruna,197-652-6688,11-01-2022
497,out for delivery,4 Grasskamp Road,Gwandu,,,Nigeria,Karim Houchen,389-901-8115,2/22/2022
498,shipped,8086 Nelson Point,Pervomayskoye,,659607,Russia,Nan Ryson,907-279-9837,06-04-2022
499,in transit,071 Autumn Leaf Terrace,Blinsung,,2317,Philippines,Misti Freda,973-134-1565,06-08-2022
500,out for delivery,9790 Kennedy Lane,Siepraw,,32-447,Poland,Deeann Roscamps,432-884-4143,1/16/2022
501,delivered,70406 Mitchell Parkway,Ngasinan,,,Indonesia,Tory Aspenlon,560-481-9782,05-01-2022
502,out for delivery,1 Glendale Terrace,Cayara,,,Peru,Demetria Wixey,652-976-1937,07-02-2022
503,shipped,2257 Beilfuss Plaza,Linquan,,,China,Janey Polon,602-325-9755,03-11-2022
504,shipped,14125 Sutherland Plaza,Komprachcice,,46-070,Poland,Lavina Hallybone,803-772-8126,6/23/2022
505,shipped,5 Dwight Park,Buchlovice,,687 08,Czech Republic,Haslett Normanville,996-472-6280,4/22/2022
506,delivered,3853 Park Meadow Alley,les Escaldes,,AD600,Andorra,Carter Gerauld,486-963-3542,12/21/2022
507,in transit,1 Tennessee Trail,Tsinandali,,,Georgia,Karla Diviny,180-981-5987,01-06-2022
508,delivered,654 Eagan Terrace,Huazhai,,,China,Helenka Perigeaux,648-755-5648,09-02-2022
509,in transit,1352 Vera Place,Youxi,,,China,Lanae Claworth,192-893-8427,03-03-2022
510,delivered,7299 Hollow Ridge Trail,Xicheng,,,China,Wallie Mauro,703-736-2959,3/13/2022
511,in transit,09 Spohn Plaza,Bungkal,,,Indonesia,Shay Nore,599-615-8293,9/18/2022
512,out for delivery,85844 Oak Valley Plaza,Huangban,,,China,Sophey Poley,391-186-6550,5/26/2022
513,shipped,5806 Laurel Place,Matango,,,Indonesia,Lind Bartosik,511-752-5825,3/16/2022
514,in transit,60 Del Sol Terrace,Tyvriv,,,Ukraine,Serena Coalburn,259-548-5725,11/16/2022
515,delivered,690 American Place,Ushirombo,,,Tanzania,Rod Caville,692-560-3648,5/30/2022
516,out for delivery,41 Becker Circle,Calaba,,2807,Philippines,Weider MacPhail,364-646-8417,1/19/2022
517,in transit,5 Reinke Place,Ede,Provincie Gelderland,6714,Netherlands,Rodolph Coners,939-452-1096,2/16/2022
518,in transit,471 Darwin Crossing,Kąty Wrocławskie,,55-080,Poland,Philis Birkmyre,934-976-9747,9/14/2022
519,in transit,3 Walton Road,Nezamyslice,,798 26,Czech Republic,Renaldo Greschik,503-813-5211,11/16/2022
520,delivered,34 Division Pass,Melgar,,734007,Colombia,Annabelle Jurgen,295-901-5488,07-10-2022
521,shipped,9 Stoughton Pass,Mairinque,,18120-000,Brazil,Lew Buddock,964-819-8634,2/14/2022
522,in transit,49 Drewry Crossing,Severskaya,,353241,Russia,Agosto Klasing,483-993-4750,09-01-2022
523,shipped,2682 Bonner Drive,Siliana,,,Tunisia,Debra Doyley,839-614-1930,5/19/2022
524,in transit,23 Elmside Court,Méru,Picardie,60116 CEDEX,France,Ken Biaggiotti,218-858-9060,10/13/2022
525,out for delivery,0 Summit Plaza,Xijia,,,China,Hall Laidlow,228-992-0370,10/13/2022
526,shipped,2 Hansons Street,Guaporé,,99200-000,Brazil,Ginevra Alessandretti,396-396-6921,03-06-2022
527,out for delivery,41258 Red Cloud Center,Les Sables-d'Olonne,Pays de la Loire,85109 CEDEX,France,Saunders Jarvie,237-153-6460,05-01-2022
528,shipped,56238 Dawn Junction,Muro,Porto,4620-620,Portugal,Artie Cranston,389-961-4231,09-01-2022
529,delivered,1 Heath Center,Gongju,,,South Korea,Aggy McRobbie,865-823-3417,11/30/2022
530,delivered,9127 Bartillon Road,Sŏnbong,,,North Korea,Claiborne Dibling,269-721-2096,12-12-2022
531,delivered,1 Warrior Center,Kasamatsuchō,,504-0968,Japan,Shayne Haskew,940-143-2324,9/28/2022
532,out for delivery,29 Vahlen Point,Puteaux,Île-de-France,92822 CEDEX,France,Max Sarsons,718-517-4193,03-11-2022
533,delivered,06 Warbler Trail,Magatos,,8113,Philippines,Zacharie McWhorter,823-765-2687,5/17/2022
534,delivered,5 Ridgeway Junction,Uddevalla,Västra Götaland,451 95,Sweden,Ema Traviss,415-824-5417,4/29/2022
535,out for delivery,4 Northwestern Crossing,Hermoso Campo,,3733,Argentina,Maure Lode,723-411-4414,8/28/2022
536,shipped,61192 Donald Street,Okahandja,,,Namibia,Jenelle Stubbington,865-871-4948,9/26/2022
537,in transit,251 Pearson Road,Pangrumasan,,,Indonesia,Hamilton Sculley,776-436-1553,1/24/2022
538,shipped,77680 Shopko Road,Sokobanteng,,,Indonesia,Liza Sagg,963-409-6397,12/18/2022
539,shipped,16217 Schlimgen Alley,Sempu,,,Indonesia,Neille Dixon,926-325-4656,12-08-2022
540,delivered,09189 Forest Road,Tariji,,3119,Philippines,Guillemette Pawlicki,880-123-8058,02-03-2022
541,out for delivery,119 Nevada Plaza,Malaryta,,,Belarus,Denyse Pople,398-581-9398,1/16/2022
542,in transit,989 Mccormick Center,Leskovec pri Krškem,,8273,Slovenia,Ryon Shenley,442-128-7483,07-01-2022
543,in transit,2 Ruskin Street,Markowa,,37-120,Poland,Jacquette Micco,590-712-6205,5/27/2022
544,in transit,73969 Macpherson Plaza,Samut Prakan,,10270,Thailand,Billie Silverthorne,411-437-1025,11/24/2022
545,delivered,3 Ilene Court,Nong Kung Si,,46220,Thailand,Penni Moors,563-796-5349,4/28/2022
546,delivered,186 Scoville Junction,Russkiy,,690922,Russia,Kellie Lister,869-330-1634,11-11-2022
547,shipped,78 Golf Course Avenue,Rennes,Bretagne,35704 CEDEX 7,France,Holly Limmer,596-850-1396,06-07-2022
548,delivered,3350 Green Ridge Alley,Kachia,,,Nigeria,Sharona Alonso,802-757-2983,9/15/2022
549,delivered,7603 Westport Drive,Bilian,,,China,Saw Salmons,857-589-9002,10/24/2022
550,delivered,535 Paget Junction,Severo-Yeniseyskiy,,192289,Russia,Cara Tommis,980-539-0433,10-06-2022
551,in transit,76 Maple Wood Trail,Rovensko pod Troskami,,512 63,Czech Republic,Lorens Boarer,705-505-7775,2/13/2022
552,out for delivery,208 Thierer Point,Mboto,,,Indonesia,Alistair Garcia,340-365-2962,4/24/2022
553,delivered,06329 Arapahoe Road,Moulay Yacoub,,,Morocco,Sergio Danby,532-722-3917,4/14/2022
554,shipped,7227 3rd Drive,Nantes,Pays de la Loire,44933 CEDEX 9,France,Janna Twelve,643-213-9009,1/25/2022
555,out for delivery,63 Columbus Way,Abrantes,Santarém,2200-003,Portugal,Ailey Schroter,122-970-6562,07-05-2022
556,shipped,666 Stang Point,Dallas,Texas,75265,United States,Gussie Duff,214-493-9262,11/15/2022
557,out for delivery,6 Cardinal Avenue,Wakayama-shi,,649-6326,Japan,Gard Limrick,982-906-6294,7/24/2022
558,delivered,9172 Kings Road,Sukasari,,,Indonesia,Kelli Gonsalvez,453-744-1191,04-08-2022
559,delivered,607 Hauk Parkway,Yanwukou,,,China,Ad Giabuzzi,432-875-8086,01-09-2022
560,in transit,4862 Golden Leaf Way,Gościeradów,,23-231,Poland,Verena Spedding,592-645-6974,12/27/2022
561,in transit,7221 Dawn Pass,Kuala Lumpur,Kuala Lumpur,50150,Malaysia,Verna Nowakowski,636-754-0811,8/31/2022
562,in transit,9 Butternut Drive,Huashi,,,China,Katti Comberbeach,686-268-2561,10/21/2022
563,out for delivery,6 Helena Circle,Halle,Sachsen-Anhalt,6116,Germany,Arden Graber,439-189-3131,06-09-2022
564,in transit,1 Rieder Hill,Wróblew,,98-285,Poland,Lorianna Latter,681-921-1318,6/21/2022
565,in transit,5 Schurz Park,Las Vegas,Nevada,89110,United States,Janela Inglish,702-824-6419,01-01-2022
566,in transit,13 Westport Crossing,Binhe,,,China,Hazel Camamile,803-196-0186,11-08-2022
567,delivered,488 Sachtjen Drive,Xiazhai,,,China,Amelina Ahren,693-112-2951,06-03-2022
568,delivered,51327 Northview Plaza,Ivry-sur-Seine,Île-de-France,94209 CEDEX,France,Elora Trillow,325-876-1865,04-02-2022
569,out for delivery,5585 Lyons Point,Bileća,,,Bosnia and Herzegovina,Gracia Burk,734-994-7800,10/23/2022
570,delivered,5255 Farwell Circle,Llocllapampa,,,Peru,Townsend Rosenwald,703-743-6118,07-08-2022
571,shipped,7087 Tennyson Hill,Khirbat Tīn Nūr,,,Syria,Olivette Ridger,708-793-2258,3/14/2022
572,in transit,278 Lake View Way,Pangkalanbunut,,,Indonesia,Myranda Merriman,154-880-6567,05-08-2022
573,shipped,2221 Erie Center,Banepa,,,Nepal,Tamas Dugdale,420-600-1389,1/21/2022
574,out for delivery,8 Forest Place,San Roque,,6415,Philippines,Rob Gwinnett,336-212-6133,01-11-2022
575,shipped,2 Vernon Junction,Żychlin,,99-320,Poland,Alysa Cattlemull,899-981-0706,05-02-2022
576,in transit,4 Bluejay Pass,Bowen Island,British Columbia,V7W,Canada,Ula MacTrustram,653-802-4163,12/16/2022
577,shipped,7191 Veith Junction,København,Region Hovedstaden,1430,Denmark,Huntington Farndale,417-393-9730,6/29/2022
578,in transit,9884 North Place,Potou,,,China,Haskell Towl,739-624-7039,05-01-2022
579,out for delivery,1 Northport Avenue,Pizhanka,,613380,Russia,Harper Dury,352-984-1599,10-08-2022
580,in transit,1697 Dottie Point,Luoxi,,,China,Cori Jonsson,399-896-9070,04-01-2022
581,in transit,675 Rutledge Plaza,Plasy,,331 01,Czech Republic,Viviana Greenset,748-631-7464,10/25/2022
582,out for delivery,72 Barnett Trail,Kaeng Khoi,,18110,Thailand,Baron Lippitt,392-297-4678,09-06-2022
583,in transit,23 Namekagon Park,Balazar,Braga,4805-005,Portugal,Baillie Inchan,529-814-8049,12/24/2022
584,shipped,26 Service Crossing,Gendiwu,,,Indonesia,Lani Capeloff,245-131-3814,11/30/2022
585,shipped,05 Scofield Street,Snizhne,,,Ukraine,Edyth Marzello,591-161-1202,09-10-2022
586,shipped,831 Fairfield Trail,Oehaunu,,,Indonesia,Sherilyn Prest,177-539-9336,05-08-2022
587,shipped,641 Ohio Avenue,Koatas Lao,,,Indonesia,Binky Berringer,312-901-7001,11/20/2022
588,in transit,7750 Kennedy Lane,Admiralteisky,,190990,Russia,Zedekiah Boosey,723-347-1222,05-08-2022
589,delivered,69 Hauk Terrace,Kostyantynivka,,,Ukraine,Tabby Roath,875-394-4869,08-01-2022
590,in transit,19 Fairfield Circle,Jedung,,,Indonesia,Monty Juett,733-725-0151,01-02-2022
591,in transit,1 Bay Hill,Seongnam-si,,,South Korea,Maynord Dougliss,803-279-2652,04-12-2022
592,in transit,6754 Lerdahl Pass,Jiagao,,,China,Opal Hofer,404-942-9468,06-06-2022
593,in transit,7668 Vidon Trail,Nemours,Île-de-France,77794 CEDEX,France,Winny Ribou,141-943-4515,08-06-2022
594,out for delivery,72 Declaration Crossing,Al Hilāliyya,,,Sudan,Madelina Kibbey,445-565-9876,9/29/2022
595,out for delivery,77 Bunker Hill Alley,Woodstock,Ontario,E7M,Canada,Orelie Parmley,767-425-5386,11/26/2022
596,shipped,156 Packers Pass,Dalu,,,China,Reidar MacGill,638-587-1689,10/27/2022
597,shipped,6521 Forest Crossing,Nowe Warpno,,72-022,Poland,Lonee Bignold,826-935-5536,05-11-2022
598,in transit,010 Mariners Cove Avenue,Smyshlyayevka,,461990,Russia,Bronson Kiljan,146-108-1032,03-09-2022
599,in transit,0408 Bonner Street,Guingamp,Bretagne,22204 CEDEX,France,Vite Bruins,181-817-4884,7/24/2022
600,shipped,447 Larry Road,Huaqiu,,,China,Inez Bedward,378-138-2135,5/13/2022
601,out for delivery,1 Oneill Drive,Melissochóri,,,Greece,Saundra Fassam,126-688-7914,10/21/2022
602,delivered,5 Miller Drive,Podgornoye,,396564,Russia,Isadore Ruit,784-322-8758,08-07-2022
603,out for delivery,454 Summerview Lane,Örnsköldsvik,Västernorrland,891 30,Sweden,Wald Carnall,943-471-2157,06-03-2022
604,out for delivery,4 Eagle Crest Trail,Vir,,1241,Slovenia,Teddy Le Fleming,523-514-0816,8/28/2022
605,delivered,860 North Circle,Mēga,,,Ethiopia,Leonhard Teenan,531-537-4936,03-06-2022
606,in transit,088 Truax Circle,Tianchi,,,China,Hollie Hehnke,891-569-8724,11/19/2022
607,out for delivery,11349 Marcy Hill,Maco,,8114,Philippines,Morton Mineghelli,914-281-5997,11/22/2022
608,delivered,6 Namekagon Place,Margahayukencana,,,Indonesia,Lolly Kirrens,199-267-2955,2/19/2022
609,shipped,0 Hanover Hill,Ljungby,Kronoberg,341 84,Sweden,Fredric Raw,591-575-5668,4/17/2022
610,in transit,0 Dexter Plaza,Kendalngupuk,,,Indonesia,Garret Vero,518-257-9360,06-12-2022
611,shipped,3 Heffernan Circle,Guadalupe,Mexico,52107,Mexico,Darell Brooksbank,743-868-4987,11-04-2022
612,out for delivery,1 Norway Maple Circle,Tonj,,,South Sudan,Andy Vernay,905-875-0313,10/16/2022
613,delivered,01357 Loftsgordon Way,Chenhu,,,China,Leta Dunk,607-162-5567,05-04-2022
614,out for delivery,11221 Michigan Court,Ritaebang,,,Indonesia,Melany Farncombe,774-548-4113,07-08-2022
615,in transit,109 Meadow Ridge Place,Kerep Wetan,,,Indonesia,Jackie Denisevich,391-741-7674,8/14/2022
616,shipped,24212 Del Mar Circle,Tierralta,,234518,Colombia,Nero Choppen,178-462-2971,8/26/2022
617,out for delivery,2200 Cardinal Alley,Sunduan,,,China,Horatio Beckford,528-145-2342,9/29/2022
618,shipped,1238 5th Point,Fada N'gourma,,,Burkina Faso,Opaline Matten,224-667-1363,01-12-2022
619,delivered,88423 Bobwhite Street,Jetak Kulon,,,Indonesia,Sheri Laguerre,208-898-7459,02-12-2022
620,shipped,365 Monterey Terrace,Daqin Tal,,,China,Ricoriki Provest,916-841-1691,8/28/2022
621,shipped,74 Warbler Pass,Willemstad,,,Curacao,Claire Dinnage,892-835-6873,12/17/2022
622,out for delivery,4 Buell Circle,Las Yaras,,,Peru,Petronille Vermer,684-334-8286,2/17/2022
623,delivered,43 Manley Parkway,Takaoka,,992-0778,Japan,Rhys Sutcliff,911-180-8757,10/14/2022
624,out for delivery,0 Evergreen Junction,Perbaungan,,,Indonesia,Madeline Biasioni,790-876-1960,11/22/2022
625,out for delivery,762 Corscot Place,Huangbizhuang,,,China,Cassondra Matresse,887-324-0252,01-02-2022
626,in transit,09254 Prentice Way,Perico,,,Cuba,Marna Silversmidt,698-586-2117,3/25/2022
627,delivered,613 Harper Lane,Minna,,,Nigeria,Phil Skyme,537-920-8247,2/24/2022
628,shipped,53 Hintze Alley,Jiuzhou,,,China,Patty Ambrogelli,299-177-0333,11-07-2022
629,in transit,76774 Tennessee Street,Dushu,,,China,Lanny Strelitzki,947-524-9254,8/17/2022
630,in transit,2246 Tony Point,Puerto Guzmán,,861088,Colombia,Adey Ride,107-593-4146,1/16/2022
631,shipped,23 Corscot Way,Uzlovaya,,301649,Russia,Corrine Craik,262-663-7756,8/29/2022
632,shipped,820 Hallows Pass,Semerak,,,Indonesia,Bartlett Tyce,215-839-9274,2/18/2022
633,in transit,69 Moose Street,Camiling,,2306,Philippines,Maggi Lambkin,406-150-5143,11/25/2022
634,in transit,662 Stoughton Alley,Wuṯahpūr,,,Afghanistan,Felicia Runchman,582-594-9592,10/22/2022
635,out for delivery,8489 Havey Avenue,Sapotskin,,,Belarus,Reba Guerrero,202-600-4369,04-02-2022
636,out for delivery,3 Milwaukee Drive,Kuala Terengganu,Terengganu,20916,Malaysia,Marlin Fauguel,920-325-2275,4/26/2022
637,out for delivery,9 Monica Junction,Kalasin,,46000,Thailand,Alexandrina Oldknowe,141-926-0910,08-06-2022
638,delivered,3214 Bunting Place,Buhe,,,China,Barron Ardling,875-917-7397,8/26/2022
639,out for delivery,280 Artisan Parkway,Biên Hòa,,,Vietnam,Ray Barehead,514-874-8010,04-10-2022
640,delivered,20 Old Shore Circle,Sumberdangdang,,,Indonesia,Donny Lockner,119-967-6007,01-05-2022
641,out for delivery,7 Quincy Avenue,Shimen,,,China,Cybill Bratton,428-208-7066,6/25/2022
642,delivered,2 Stephen Point,Candelária,Ilha do Pico,9950-125,Portugal,Paddy Kahn,858-580-2040,04-07-2022
643,shipped,8 Charing Cross Junction,Gegernoong,,,Indonesia,Ronny Gosneye,208-230-2065,12-02-2022
644,out for delivery,2768 Sutherland Drive,Glazov,,427629,Russia,Maribelle Salling,415-919-9357,10-10-2022
645,out for delivery,77231 Kipling Trail,Laguilayan,,2402,Philippines,Orren Berg,651-273-9993,12-08-2022
646,delivered,81230 Dapin Trail,Baratleke,,,Indonesia,Carol-jean Balchen,866-904-8273,3/16/2022
647,shipped,158 Burning Wood Hill,Winschoten,Provincie Groningen,9674,Netherlands,Kelsey Stolz,219-287-7354,10-04-2022
648,out for delivery,651 Golf Course Way,Syktyvkar,,167032,Russia,Olenka Dumigan,834-369-0682,09-10-2022
649,shipped,1448 Debra Park,Sundsvall,Västernorrland,851 78,Sweden,Hyacinthie Verne,658-936-1848,10/20/2022
650,in transit,49 Gerald Park,Dushanbe,,,Tajikistan,Amandie Joderli,366-476-8896,8/21/2022
651,in transit,0345 Shasta Alley,Petaling Jaya,Selangor,46781,Malaysia,Micah Nussen,839-951-4064,7/13/2022
652,shipped,1424 Main Road,Amherst,Nova Scotia,B4H,Canada,Vassily Gilhespy,381-869-9664,06-08-2022
653,out for delivery,82773 Hagan Way,Chajarí,,3228,Argentina,Joan Rechert,433-627-8280,01-08-2022
654,in transit,3 Buhler Park,Viraco,,,Peru,Ardys Bryden,528-260-5983,8/16/2022
655,shipped,344 Lakewood Terrace,Camarate,Lisboa,2680-005,Portugal,Aurea MacClenan,568-326-5072,1/20/2022
656,in transit,322 Mosinee Point,Moncada,,2334,Philippines,Emylee Dufer,206-727-2662,09-08-2022
657,delivered,7 Buhler Avenue,Al ‘Awjā,,,Palestinian Territory,Otha Husthwaite,946-339-8713,7/21/2022
658,shipped,4 Brickson Park Point,Euclides da Cunha,,48500-000,Brazil,Wendeline Engeham,717-906-1548,09-01-2022
659,out for delivery,69825 Rockefeller Crossing,Mâcon,Bourgogne,71024 CEDEX 9,France,Jany Folder,114-976-8922,4/17/2022
660,shipped,527 Express Pass,Lordegān,,,Iran,Keir Nettles,452-273-9435,5/27/2022
661,delivered,7645 Charing Cross Avenue,Karpokhórion,,,Greece,Jemimah Kettle,574-616-1459,05-09-2022
662,out for delivery,320 Hayes Pass,Petiga,,,Indonesia,Henderson Coules,384-717-8829,1/17/2022
663,in transit,8105 Katie Crossing,Sinait,,2733,Philippines,Stanislaus Dacres,275-786-3497,01-03-2022
664,delivered,67191 Anthes Junction,Weyburn,Saskatchewan,S4H,Canada,Basile Adamski,187-307-5355,8/24/2022
665,out for delivery,2 Bobwhite Pass,Kesabpur,,8130,Bangladesh,Ariela Learned,955-255-9882,3/23/2022
666,out for delivery,57 Vera Alley,Hegeng,,,China,Kittie Silkstone,421-942-0039,03-06-2022
667,shipped,70620 Anthes Hill,Xinxian,,,China,Devon Goulding,877-209-7528,3/28/2022
668,in transit,41893 Rieder Street,Yuta,,,Palestinian Territory,Sherlocke Crowden,728-617-0589,9/19/2022
669,in transit,09909 Shoshone Hill,Baiju,,,China,Ibbie Wank,145-596-8845,09-02-2022
670,shipped,900 Sutteridge Point,Tiandeng,,,China,Ortensia Wilsher,389-797-6026,07-11-2022
671,out for delivery,66882 Arizona Terrace,Kostyantynivka,,,Ukraine,Elvina Webborn,870-542-0549,11-03-2022
672,delivered,66051 Scott Plaza,Ivanovo-Alekseyevka,,,Kyrgyzstan,Merell Alenov,193-256-7857,09-11-2022
673,delivered,541 Londonderry Way,Mollebamba,,,Peru,Rivkah Lindenstrauss,843-418-6248,02-11-2022
674,in transit,1639 Burning Wood Street,Velika,,34330,Croatia,Gram Girhard,439-880-6414,01-06-2022
675,out for delivery,57 Fisk Road,Lasi Dua,,,Indonesia,Arther Minshaw,380-839-6027,02-06-2022
676,in transit,2864 Claremont Drive,Ibotirama,,47520-000,Brazil,Allina Tussaine,431-607-4228,11/18/2022
677,out for delivery,67 Nancy Drive,Hor,,,China,Berkly Bougen,449-733-7787,12/28/2022
678,out for delivery,047 Hintze Park,Gulou,,,China,Dulcea Ricardot,978-931-1092,03-10-2022
679,in transit,5 Oriole Lane,Pirojpur,,1811,Bangladesh,Waldemar Parkyns,357-211-4350,2/23/2022
680,delivered,5 Mockingbird Avenue,Sengeti,,,Indonesia,Melicent Brewin,937-994-1578,02-03-2022
681,out for delivery,0 Dwight Crossing,Hualongyan,,,China,Manfred Hansill,785-900-5545,6/29/2022
682,out for delivery,533 Parkside Avenue,Pandak,,,Indonesia,Gabbie Tennewell,700-878-7418,03-06-2022
683,shipped,8 Tennessee Road,Ani-e,,1109,Philippines,Dorey Aubery,363-908-1248,06-03-2022
684,shipped,292 Doe Crossing Street,Moncada,,2334,Philippines,Parke Wigfall,184-993-9425,3/19/2022
685,in transit,08317 Burning Wood Place,Jesús María,,5223,Argentina,Kendra Sweetmore,806-871-9794,11-03-2022
686,delivered,46426 Blaine Junction,Dnipryany,,,Ukraine,Edythe Milhench,533-496-2535,9/15/2022
687,out for delivery,457 Oakridge Hill,Le Mans,Pays de la Loire,72004 CEDEX 1,France,Edna Tomovic,981-819-5422,11/19/2022
688,delivered,4038 Tennyson Park,Zongga,,,China,Lefty Kingzet,580-733-1320,2/25/2022
689,delivered,72 Bonner Parkway,Ouro Sogui,,,Senegal,Ronny Ratcliffe,447-937-0572,02-07-2022
690,out for delivery,31 Kingsford Circle,Karangsari,,,Indonesia,Aprilette Fellis,611-286-9516,6/27/2022
691,out for delivery,4 Basil Junction,Fakaifou Village,,,Tuvalu,Yancy Rotham,276-447-5929,11/20/2022
692,in transit,366 Havey Way,Gampingan,,,Indonesia,Verina Dudbridge,493-528-1490,4/18/2022
693,delivered,8818 Chinook Avenue,Tapakrejo,,,Indonesia,Vidovic Phelit,297-263-5272,10/28/2022
694,delivered,82753 La Follette Plaza,Licupis,,,Peru,Maggie Anderer,102-635-8820,06-08-2022
695,delivered,84 Tony Park,Obando,,762507,Colombia,Nessi Warrener,761-370-6907,5/25/2022
696,out for delivery,8258 Welch Crossing,San Juan,Mexico,56030,Mexico,Lillian Ruffles,663-395-3697,12/25/2022
697,in transit,6443 Ludington Crossing,Shendang,,,China,Kaylee Jasper,194-401-5877,5/19/2022
698,in transit,849 Sloan Way,Concepción de La Vega,,10135,Dominican Republic,Flore Snowball,869-551-2790,11/14/2022
699,out for delivery,54 Armistice Center,Huangjindong,,,China,Essa Traynor,851-789-7476,07-05-2022
700,delivered,59 Morrow Terrace,Kosiv,,,Ukraine,Patrick Holehouse,317-363-8333,01-11-2022
701,shipped,1396 Pleasure Avenue,Ḩadīdah,,,Syria,Diarmid Heikkinen,385-764-2763,11/27/2022
702,in transit,5498 Delaware Hill,Sydney South,New South Wales,1235,Australia,Frankie O'Bruen,100-603-1581,7/19/2022
703,in transit,7 Dovetail Hill,Tiblawan,,3503,Philippines,Birgit McMeekan,262-451-4362,12-11-2022
704,delivered,2 Lighthouse Bay Trail,Tortosa,,6119,Philippines,Jocelyn Somner,307-541-4663,01-03-2022
705,shipped,34 Daystar Circle,Weizheng,,,China,Claudius Volkes,189-618-2840,7/22/2022
706,out for delivery,38 Gulseth Court,Glencoe,,2930,South Africa,Billy Calcutt,179-372-9328,12/23/2022
707,out for delivery,788 Sundown Circle,Alberton,Prince Edward Island,P7K,Canada,Helaine Powys,498-118-2136,07-08-2022
708,out for delivery,28654 3rd Plaza,Fomento,,,Cuba,Evangelina Meeland,994-386-1745,8/24/2022
709,delivered,62236 Pond Way,Juliaca,,,Peru,Aurilia Rabbet,312-931-7196,7/30/2022
710,out for delivery,34339 Hoffman Street,Fresno,,731568,Colombia,Wynne Aicken,616-573-7127,04-02-2022
711,out for delivery,6 Kenwood Parkway,Jianfeng,,,China,Coop Dagon,141-531-9614,09-11-2022
712,shipped,5 Pankratz Circle,Opochka,,182333,Russia,Jillian Petracci,356-174-9669,3/29/2022
713,out for delivery,6294 Chive Point,Debre Mark’os,,,Ethiopia,Kennith Shoute,239-353-0247,02-10-2022
714,out for delivery,5 Lukken Alley,Mekarsari,,,Indonesia,Romy Inmett,639-949-9908,4/14/2022
715,out for delivery,37 Kingsford Alley,Patnongon,,5702,Philippines,Kat Roblou,937-712-3706,04-04-2022
716,delivered,9775 Erie Pass,Saparbay,,,China,Janice Stripling,437-374-9328,04-02-2022
717,in transit,50 Amoth Road,Horní Cerekev,,394 03,Czech Republic,Trev Trowsdall,554-248-9220,5/14/2022
718,out for delivery,200 Vahlen Avenue,Weiyanggong,,,China,Louisa Goodswen,925-706-8151,10/26/2022
719,shipped,3 Ridge Oak Trail,Kárystos,,,Greece,Teriann Berthomier,797-247-2435,08-11-2022
720,delivered,65331 Maryland Place,Qo’ng’irot Shahri,,,Uzbekistan,Opal Melsome,528-104-1695,1/25/2022
721,out for delivery,80 Hoepker Hill,Yupiltepeque,,22006,Guatemala,Zollie Broomer,674-111-8223,12-07-2022
722,shipped,797 Morrow Drive,Adraskan,,,Afghanistan,Wallis Huitt,603-979-8992,08-04-2022
723,in transit,14 Dovetail Trail,Berendeyevo,,152000,Russia,Markos Annice,570-901-8490,8/19/2022
724,out for delivery,3048 Monterey Parkway,Bilhó,Vila Real,4880-076,Portugal,Neddy Pinckard,220-618-3427,2/24/2022
725,delivered,3759 Tony Road,Bagneux,Île-de-France,92224 CEDEX,France,Bonnie Averall,666-541-9431,1/31/2022
726,in transit,5170 Mockingbird Point,Mozhaysk,,155126,Russia,Kermie Moncreif,505-675-8438,6/22/2022
727,out for delivery,75 Southridge Avenue,Breia,Viana do Castelo,4950-284,Portugal,Corly Feighney,342-267-8473,7/27/2022
728,delivered,12 Hoard Trail,Japerejo,,,Indonesia,Bianca Draxford,265-234-4047,09-07-2022
729,out for delivery,359 La Follette Center,Bilyayivka,,,Ukraine,Laurie Gilberthorpe,764-476-7927,3/14/2022
730,shipped,12 Butternut Parkway,Vlkoš,,751 19,Czech Republic,Eustacia Eyrl,245-915-5350,9/26/2022
731,delivered,64721 Kennedy Hill,Châteaudun,Centre,28205 CEDEX,France,Florinda Risbridger,543-404-0793,1/15/2022
732,shipped,307 Packers Place,Liupai,,,China,Silvie Fillary,697-166-0498,02-08-2022
733,delivered,6690 Stone Corner Point,Faratsiho,,,Madagascar,Lettie Assender,254-572-9088,7/14/2022
734,in transit,9638 Heath Street,Bissau,,,Guinea-Bissau,Hieronymus Starkie,191-410-6995,5/20/2022
735,in transit,86 Merry Lane,Pajaten,,,Indonesia,Bert Emson,805-279-1203,12/21/2022
736,shipped,2 Shoshone Parkway,Tracal,,,Indonesia,Charline Bowness,192-638-1180,10-03-2022
737,in transit,9539 Reindahl Way,Bastia,Corse,20292 CEDEX,France,Whitney Mansuer,349-777-6514,10/31/2022
738,delivered,1 Sundown Avenue,Mbinga,,,Tanzania,Tadd Nairy,859-366-6557,11/26/2022
739,in transit,3944 Nancy Way,Bakar,,52428,Croatia,Reggy Kesterton,985-329-8219,1/21/2022
740,out for delivery,2 Hansons Plaza,Krajenka,,77-430,Poland,Juieta Dransfield,413-135-1976,10/16/2022
741,out for delivery,19 Lakeland Way,Almaty,,,Kazakhstan,Aron Nasi,503-508-3616,03-05-2022
742,in transit,81 Superior Park,Palhoça,,88130-000,Brazil,Ardelle Peealess,682-295-3378,1/13/2022
743,out for delivery,18 Melby Junction,Ngurore,,,Nigeria,Kristel Attkins,806-156-6636,4/29/2022
744,out for delivery,98 Pine View Lane,Jirny,,250 90,Czech Republic,Gisele Vidineev,938-595-0265,04-01-2022
745,in transit,52 Utah Trail,Paris 08,Île-de-France,75419 CEDEX 08,France,Florentia Menat,102-453-6076,03-06-2022
746,in transit,56 Bartelt Terrace,Dahongmen,,,China,Becka Endicott,413-837-9599,11/15/2022
747,shipped,60953 Eliot Junction,Melaka,Melaka,75200,Malaysia,Cynthie Persehouse,646-902-6695,11/16/2022
748,in transit,03 Melby Avenue,Reims,Champagne-Ardenne,51064 CEDEX,France,Hildagarde Quadrio,518-868-6033,3/19/2022
749,out for delivery,849 Fordem Avenue,Prilep,,7500,Macedonia,Renee Silvermann,524-416-6153,6/18/2022
750,shipped,93 Jay Junction,Jiang’an,,,China,Dugald Humpherston,869-126-5893,12/20/2022
751,delivered,78963 Parkside Parkway,Marmande,Aquitaine,47211 CEDEX,France,Aharon Crosfeld,875-870-0457,10/28/2022
752,shipped,40 Manley Center,Jimusa’er,,,China,Hadlee Mewis,888-849-2120,3/30/2022
753,out for delivery,965 Fremont Lane,Białobrzegi,,37-114,Poland,Sonnnie Atyeo,754-337-1840,09-10-2022
754,shipped,1546 Golden Leaf Court,Kantharalak,,33110,Thailand,Jessalin Soar,941-659-3173,02-04-2022
755,in transit,22858 Jana Avenue,Obertyn,,,Ukraine,Maggi Bartholomew,910-557-8801,6/22/2022
756,shipped,0003 1st Terrace,Siluko,,,Nigeria,Laney Cadalleder,315-449-4976,01-06-2022
757,delivered,460 1st Road,Huangcun,,,China,Mal Dameisele,664-783-7593,3/14/2022
758,shipped,9 Sommers Trail,Bov,,2271,Bulgaria,Thor Druhan,325-438-3014,6/22/2022
759,shipped,787 Armistice Place,Pittsburgh,Pennsylvania,15220,United States,Cecelia Munns,412-211-4576,3/16/2022
760,in transit,311 Spenser Way,Mutis,,276038,Colombia,Kendal Greenhow,606-884-2818,10/24/2022
761,in transit,7 Village Green Alley,Hushi,,,China,Cleon Aldous,345-819-0751,08-07-2022
762,out for delivery,747 Dorton Trail,Viamão,,94400-000,Brazil,Kahaleel Going,378-312-0693,08-04-2022
763,shipped,8281 Ludington Parkway,Guicheng,,,China,Coraline Bransdon,993-910-9849,08-09-2022
764,in transit,46 Hansons Hill,Iwonicz-Zdrój,,38-440,Poland,Agnola Earwicker,147-655-7703,6/29/2022
765,in transit,5212 Lukken Circle,Biliri,,,Nigeria,Westley Seczyk,224-531-3005,10/29/2022
766,delivered,210 Moose Lane,Puerto Berrío,,53428,Colombia,Risa Jordine,803-200-7236,12-02-2022
767,delivered,731 Riverside Pass,Huangliang,,,China,Tobi Muffett,206-854-8599,07-01-2022
768,out for delivery,7602 Surrey Hill,Chuguyevka,,692607,Russia,Baudoin Coltart,593-111-0134,07-06-2022
769,shipped,8 Onsgard Plaza,Linjiang,,,China,Oriana Malek,679-688-1764,8/26/2022
770,out for delivery,98 Everett Hill,Portsmouth,,,Dominica,Piotr Keme,614-686-3740,3/22/2022
771,in transit,4063 Memorial Junction,Huangjia,,,China,Tuckie Frensch,117-324-9316,11/14/2022
772,in transit,910 Dwight Circle,Liuhe,,,China,Karia Walas,883-920-8226,6/16/2022
773,delivered,5 Sutherland Road,Nancha,,,China,Natty Crowdy,819-781-1314,12/17/2022
774,out for delivery,2 Petterle Point,Mỹ Thọ,,,Vietnam,Yelena Mosconi,544-332-8522,08-11-2022
775,delivered,5845 Havey Point,Kyzyl-Kyya,,,Kyrgyzstan,Addi Chevolleau,620-149-3332,6/29/2022
776,shipped,81883 Kenwood Circle,Yamoto,,981-0503,Japan,Catherin Ledamun,153-376-0215,10/25/2022
777,in transit,4320 Johnson Lane,Legaspi,,4500,Philippines,Renato Alldridge,406-520-4737,8/30/2022
778,shipped,74 Schlimgen Hill,Budapest,Budapest,1136,Hungary,Glynn Cotsford,639-601-9886,01-03-2022
779,shipped,1 7th Trail,Magisterial,Zacatecas,99750,Mexico,Carmine Rudd,405-153-8152,06-12-2022
780,in transit,40720 Golden Leaf Trail,San Andrés Xecul,,8004,Guatemala,Barbabra McAllan,973-610-9126,11/28/2022
781,in transit,28 Mallory Drive,Saiki,,305-0028,Japan,Derick Tarplee,846-811-6022,11-06-2022
782,delivered,54433 Shoshone Avenue,Patapan,,,Indonesia,Ewan Littleton,214-158-2579,7/15/2022
783,shipped,49 Summit Lane,Węgry,,46-022,Poland,Osborn Pluthero,331-581-3344,12/17/2022
784,out for delivery,83 Valley Edge Center,Sosnovka,,442064,Russia,Mair Branchett,126-717-3734,6/16/2022
785,in transit,62 Di Loreto Center,Pailin,,,Cambodia,Borg Verdun,557-160-9306,09-01-2022
786,out for delivery,8 Anderson Junction,Boychinovtsi,,3453,Bulgaria,Neddie Maxwale,397-901-5393,5/29/2022
787,in transit,89335 Towne Avenue,Quxi,,,China,Fidela Willicott,582-749-3238,3/25/2022
788,delivered,447 Mcbride Junction,Lebedyn,,,Ukraine,Catina McCague,900-193-8874,09-07-2022
789,in transit,4 Prairieview Crossing,Knežica,,,Bosnia and Herzegovina,Irvine Fronek,614-663-0216,3/22/2022
790,in transit,5 Mifflin Drive,Fulin,,,China,Timi Diloway,472-145-6480,2/22/2022
791,in transit,589 Superior Center,Kaliro,,,Uganda,Godard Leachman,761-353-3012,08-02-2022
792,shipped,7 Melby Plaza,Cañaveral,,,Honduras,Rachel Siggee,633-452-4881,8/20/2022
793,delivered,4 Dovetail Trail,Tarvasjoki,,21450,Finland,Nadean Brass,189-157-0410,06-04-2022
794,in transit,8369 Mcbride Point,Naga,,,Indonesia,Eloise Slixby,481-570-2671,3/25/2022
795,delivered,2 Schurz Court,Huanggang,,,China,Lorena Lisciandri,249-321-8094,5/27/2022
796,in transit,05 Michigan Court,Yeosu,,,South Korea,Honor MacGiolla Pheadair,232-260-8745,10-10-2022
797,in transit,1 Nelson Point,Nuštar,,32221,Croatia,Rubina Balfour,912-970-2034,04-03-2022
798,shipped,8672 Northwestern Circle,Nyurba,,678450,Russia,Mortimer Lassen,917-198-9189,02-10-2022
799,out for delivery,5 Golf Course Junction,Sagana,,3129,Philippines,Felicdad Bilbery,411-919-4579,10/18/2022
800,out for delivery,3315 Goodland Junction,Semambung,,,Indonesia,Armstrong Lyddon,257-204-1340,5/28/2022
801,in transit,30849 Summit Circle,Latacunga,,,Ecuador,Dana Bernlin,511-764-4181,4/19/2022
802,shipped,541 High Crossing Center,Los Fresnos,Guanajuato,36750,Mexico,Suellen Probyn,370-510-7937,10/15/2022
803,in transit,78 Hallows Terrace,Tangguhang,,,Indonesia,Tabby Bateup,831-125-2181,01-06-2022
804,out for delivery,58 Del Mar Drive,Karamat,,,Indonesia,Nettle Macbeth,246-805-3235,5/29/2022
805,out for delivery,61 Glacier Hill Hill,Nangang,,,China,Kitty Faldoe,261-827-8098,9/28/2022
806,in transit,987 New Castle Way,Ouadda,,,Central African Republic,Balduin Bennis,694-418-2115,12/23/2022
807,shipped,0257 Moland Way,Kawasaki,,999-3145,Japan,Dorelle Marsay,766-250-8757,4/22/2022
808,shipped,8 Southridge Center,Sundsvall,Västernorrland,852 30,Sweden,Clareta Forcer,946-840-4472,2/20/2022
809,shipped,01432 Dovetail Place,Jobabo,,,Cuba,Inger Scud,952-333-9647,2/27/2022
810,in transit,1 Fisk Alley,Meukek,,,Indonesia,Yolane Blabie,157-182-8271,7/23/2022
811,delivered,79 Union Center,Donji Dobrić,,,Serbia,Zena Satyford,372-688-5469,11/26/2022
812,out for delivery,50583 Vahlen Court,Olympia,Washington,98516,United States,Jarrod Hollingsby,360-768-1031,12/17/2022
813,out for delivery,15 Claremont Junction,Echarate,,,Peru,Iorgo Kevane,226-199-6908,7/14/2022
814,shipped,16 Stuart Avenue,Kashiwa,,861-3923,Japan,Kakalina Barcroft,503-706-9692,05-09-2022
815,out for delivery,4884 Dovetail Junction,Stockholm,Stockholm,115 77,Sweden,Aubrey Jaram,432-669-1401,04-04-2022
816,in transit,5 Prentice Trail,Vessada,Aveiro,3810-609,Portugal,Mischa Ewins,637-416-9372,12-03-2022
817,out for delivery,121 Melrose Place,Magalalag,,3501,Philippines,Anatole Messier,323-908-0333,04-12-2022
818,delivered,6 Oakridge Hill,Villaba,,6537,Philippines,Minnnie Crompton,816-762-7358,2/23/2022
819,shipped,3 Ludington Pass,Butuan,,9021,Philippines,Jennee Sealove,444-593-8111,11/15/2022
820,out for delivery,32709 Bellgrove Way,Avaré,,18700-000,Brazil,Herminia Brizland,416-704-5285,11/30/2022
821,in transit,4 Sugar Parkway,Celso Ramos,,88598-000,Brazil,Ivor Gobbett,252-375-3128,02-02-2022
822,shipped,2 Summit Parkway,Kamalaputi,,,Indonesia,Amargo Roantree,654-642-9793,10-11-2022
823,delivered,74111 Knutson Way,Isaka,,,Tanzania,Dallas Bradnocke,856-933-1851,01-08-2022
824,out for delivery,783 Mcbride Trail,Novoorsk,,462800,Russia,Madel Scrafton,884-891-7607,6/30/2022
825,in transit,8453 Lunder Park,Petropavlovskaya,,366013,Russia,Waylin Kensett,573-683-5099,1/31/2022
826,in transit,75900 Eggendart Way,Tupanciretã,,98170-000,Brazil,Denice Kroch,838-412-4037,09-02-2022
827,out for delivery,178 Browning Park,Mrkonjić Grad,,,Bosnia and Herzegovina,Cob Pagett,598-517-8029,8/22/2022
828,shipped,9 Farwell Place,Immātīn,,,Palestinian Territory,Janela Elie,444-636-7721,11-09-2022
829,shipped,42 Rutledge Alley,Gaoyan,,,China,Salvador Joslin,929-609-8649,10-12-2022
830,in transit,0 Elmside Place,Nice,Provence-Alpes-Côte d'Azur,06293 CEDEX 3,France,Rolf Topping,828-188-7292,01-02-2022
831,shipped,88015 Merchant Junction,Beisijia,,,China,Lotti Wrathmall,392-799-2280,10-04-2022
832,out for delivery,0235 Vera Crossing,Kulotino,,174335,Russia,Harwell Clilverd,815-943-4291,11/14/2022
833,in transit,57126 Sloan Parkway,Angers,Pays de la Loire,49033 CEDEX 01,France,Merwyn Weir,185-709-5478,1/30/2022
834,out for delivery,809 Nova Lane,Tangzang,,,China,Gussi Waddam,308-325-6047,9/27/2022
835,in transit,55657 Dryden Alley,Haradzyeya,,,Belarus,Lilith Eshmade,430-196-2272,01-01-2022
836,delivered,395 Hudson Lane,San Fernando,,8711,Philippines,Terrill Gauld,569-514-6081,10/22/2022
837,shipped,49 Caliangt Parkway,Paris 17,Île-de-France,75832 CEDEX 17,France,Gerardo Bellward,919-927-0940,7/17/2022
838,shipped,215 Linden Circle,La Rochelle,Poitou-Charentes,17014 CEDEX 1,France,Shay Plewes,968-481-4697,12/17/2022
839,in transit,25 Corscot Plaza,Yazykovo,,453444,Russia,Dorice Bugg,284-434-0792,4/29/2022
840,in transit,28661 American Terrace,Sepekov,,398 51,Czech Republic,Patrizius Hought,837-721-4688,07-03-2022
841,delivered,07185 Westerfield Circle,Labney,,2437,Philippines,Jaquith Buxam,671-128-8118,12/14/2022
842,in transit,895 4th Plaza,Siverskiy,,188355,Russia,Jamie Larchier,582-611-0949,9/22/2022
843,in transit,15230 Hansons Avenue,Mamonit,,2304,Philippines,Rodrick Gherardesci,968-161-6239,4/20/2022
844,delivered,69271 Graceland Place,Semey,,,Kazakhstan,Donielle Tourner,697-158-0239,9/19/2022
845,shipped,62605 Alpine Drive,Puerto Quellón,,,Chile,Jessey Dureden,678-457-4424,10/16/2022
846,in transit,38894 Mallory Place,Matiguás,,,Nicaragua,Yolande Ruthen,385-502-2616,08-08-2022
847,delivered,9516 Hansons Hill,Årjäng,Värmland,672 24,Sweden,Livvyy Headech,231-343-3279,11-12-2022
848,out for delivery,9731 School Junction,Hekou,,,China,Gunter Worgan,625-220-1133,8/27/2022
849,out for delivery,701 Carberry Court,Totness,,,Suriname,Rodge Sollis,835-847-6754,07-05-2022
850,shipped,77151 Longview Drive,Bezerros,,55660-000,Brazil,Babita Rydeard,808-601-8889,2/27/2022
851,shipped,04 Dottie Parkway,Chunshui,,,China,Christi Keays,387-670-9102,5/27/2022
852,out for delivery,998 Quincy Terrace,Évry,Île-de-France,91024 CEDEX,France,Kora Lideard,475-103-8114,3/22/2022
853,out for delivery,68 Scofield Terrace,Nueva Loja,,,Ecuador,Guillermo Pearn,942-883-4282,10/15/2022
854,in transit,8392 Northridge Junction,Cruz das Almas,,44380-000,Brazil,Glennis Haberfield,301-237-3270,8/28/2022
855,out for delivery,60662 Raven Drive,Maştağa,,,Azerbaijan,Etta Pistol,258-906-4705,1/18/2022
856,in transit,8 Beilfuss Parkway,Dashtavan,,,Armenia,Wat Dawe,102-501-1894,3/27/2022
857,out for delivery,26694 Twin Pines Center,Morcolla,,,Peru,Ave Davinet,371-866-5514,09-07-2022
858,delivered,42977 Manley Plaza,Dzüünbulag,,,Mongolia,Cariotta Dealey,733-944-6648,06-08-2022
859,delivered,0556 Eastwood Road,Sylvan Lake,Alberta,T4S,Canada,Vladimir Giraldon,778-849-0481,4/19/2022
860,delivered,48 Surrey Court,Oeiras,Lisboa,2780-005,Portugal,Robbie Zarfati,993-818-6359,11/30/2022
861,shipped,183 Hayes Court,Hengxianhe,,,China,Ahmed Jolliss,167-393-9468,10/27/2022
862,in transit,4809 Corry Hill,Ruchihe,,,China,Eleanor Alpine,593-921-9002,4/16/2022
863,delivered,740 Dunning Drive,Fuxing,,,China,Donielle Cavet,535-430-8174,3/18/2022
864,delivered,0 Namekagon Point,Zhaiwu,,,China,Ivett Briars,894-125-3308,1/23/2022
865,shipped,66 Bonner Junction,Lens,Nord-Pas-de-Calais,62335 CEDEX,France,Galen McCanny,436-849-0338,6/25/2022
866,delivered,942 Stang Street,Parys,,9585,South Africa,Rebe Gandar,762-614-5252,06-08-2022
867,in transit,569 Stone Corner Place,Fermont,Québec,J1E,Canada,Kassia Gounod,367-684-0085,8/16/2022
868,shipped,636 Montana Crossing,Murree,,47214,Pakistan,Milt Tatford,412-161-2390,01-01-2022
869,out for delivery,77027 Chive Plaza,Fengzhou,,,China,Loralyn Rogister,303-393-3982,10/22/2022
870,shipped,041 Caliangt Lane,Fulu,,,China,Hedwiga Molson,851-838-1407,11-08-2022
871,in transit,06 Hoffman Park,Glugu,,,Indonesia,Dolly Van Rembrandt,265-986-0296,02-06-2022
872,out for delivery,287 Nancy Street,Vichuga,,155334,Russia,Lane Fortun,615-735-7059,4/19/2022
873,delivered,17 Rigney Terrace,Xinchong,,,China,Roseanna Gettens,856-425-6095,1/18/2022
874,delivered,20715 Twin Pines Junction,Pakuncen,,,Indonesia,Selie Klich,658-212-3204,01-10-2022
875,in transit,38194 Mesta Crossing,Tercena,Lisboa,2730-017,Portugal,Mickie Bardill,452-247-9831,6/29/2022
876,delivered,33544 High Crossing Pass,Bang Klam,,90110,Thailand,Carita Gentreau,410-126-5220,03-10-2022
877,in transit,41 Dapin Point,Uzda,,,Belarus,Elwin Haszard,646-136-2709,07-06-2022
878,in transit,34 Lighthouse Bay Terrace,Potrero Grande,,,Panama,Dillie Coomber,761-687-2175,12-09-2022
879,shipped,89325 Northfield Point,Ambon,,,Indonesia,Nadya Redholls,503-315-7086,1/29/2022
880,out for delivery,5 Barby Plaza,Szombathely,Vas,9704,Hungary,Ruy Benard,277-906-7838,10/29/2022
881,out for delivery,3 Linden Avenue,Koloniya Zastav’ye,,,Ukraine,Christel Ilyasov,438-569-0644,03-12-2022
882,delivered,01409 Ronald Regan Hill,Macapá,,68900-000,Brazil,Agnella Bearman,666-293-9693,01-05-2022
883,in transit,2 Kinsman Road,Santong,,,Indonesia,Janella De Vries,704-917-6679,4/14/2022
884,in transit,1 Pennsylvania Junction,Mosoc Llacta,,,Peru,Kaiser Gloy,356-681-4817,4/24/2022
885,shipped,700 Moulton Center,Baojia,,,China,Roth Pudney,700-865-2402,6/27/2022
886,in transit,0 Anthes Terrace,Wijewo,,64-150,Poland,Fawn Jeffries,482-593-2620,8/17/2022
887,delivered,36 Loeprich Court,Cojata,,,Peru,Jody Brabban,399-855-7276,12/18/2022
888,out for delivery,07093 Eliot Avenue,El Caño,,,Panama,Ruddy Benedict,917-936-3858,4/14/2022
889,delivered,750 Esch Lane,Mjölby,Östergötland,595 94,Sweden,Dyann Frangello,808-785-5234,8/30/2022
890,in transit,84805 Huxley Junction,Prislonica,,,Serbia,Rahal Jandl,910-947-2551,9/16/2022
891,in transit,7 Pennsylvania Park,Castlepollard,,K36,Ireland,Toni Schankelborg,323-489-6272,01-06-2022
892,delivered,8 Killdeer Way,Tanahgrogot,,,Indonesia,Emmalyn Lively,907-595-1013,04-04-2022
893,in transit,5 Aberg Junction,Tulungagung,,,Indonesia,Peder Shurlock,310-803-2700,07-08-2022
894,in transit,82438 Loftsgordon Way,Kosonsoy Shahri,,,Uzbekistan,Lucia Starling,387-825-8931,03-12-2022
895,out for delivery,2558 Corscot Avenue,Ouijjane,,,Morocco,Ingra Ocklin,866-743-7901,1/30/2022
896,shipped,145 Amoth Center,Jargalant,,,Mongolia,Nickie Heather,763-644-4983,12/21/2022
897,delivered,2724 Kensington Plaza,Negotin,,,Serbia,Leslie Holbarrow,365-346-6794,02-05-2022
898,delivered,7 Mandrake Way,Cam Lâm,,,Vietnam,Mitzi Line,805-912-7011,2/23/2022
899,out for delivery,6664 Talisman Terrace,Belén de Escobar,,1625,Argentina,Beniamino Jowitt,972-123-5113,7/21/2022
900,in transit,5270 Trailsway Lane,An Naşşārīyah,,,Palestinian Territory,Amaleta Barends,275-336-2662,06-12-2022
901,delivered,854 Superior Lane,Pidvynohradiv,,,Ukraine,Klemens McLoney,375-457-2921,11/13/2022
902,out for delivery,60 Buhler Drive,Vukojevci,,31500,Croatia,Miguel Saddleton,345-148-8249,2/17/2022
903,shipped,9 Bluestem Way,At Tawāhī,,,Yemen,Hervey Bulpitt,702-566-3589,6/27/2022
904,delivered,24593 Rieder Junction,Murganhal,Lisboa,2760-040,Portugal,Billie Rutter,541-821-0882,10/16/2022
905,shipped,553 Farmco Pass,Mircze,,22-530,Poland,Merle Ouver,768-419-2487,7/24/2022
906,out for delivery,3 Heffernan Avenue,Novopavlovsk,,357322,Russia,Harriott Thom,349-548-8842,9/29/2022
907,out for delivery,9 Evergreen Street,Xin’andu,,,China,Freeman Ornells,328-467-3131,3/24/2022
908,shipped,61 Merchant Pass,Macarse,,6707,Philippines,Heywood Willshee,531-871-3801,10-04-2022
909,shipped,72356 Sheridan Plaza,Irapa,,,Venezuela,Nikos Winslow,788-531-0940,12/28/2022
910,out for delivery,52246 Kennedy Circle,Tene,,,Indonesia,Hermann Pledger,304-882-5518,03-05-2022
911,in transit,2448 Ruskin Street,Kinamayan,,9611,Philippines,Fiorenze Payze,832-682-5681,11-02-2022
912,in transit,90 Burning Wood Plaza,Popayán,,190018,Colombia,Rosana Jorez,292-612-1754,3/20/2022
913,delivered,618 Debs Alley,Olszanica,,38-722,Poland,Luce Boot,390-423-1939,11-06-2022
914,in transit,97117 Park Meadow Drive,Caracal,,7114,Philippines,Tobi Cayford,353-306-0476,8/23/2022
915,delivered,26 Hansons Plaza,Quinjalca,,,Peru,Dinny Tender,269-971-6783,9/13/2022
916,shipped,7100 Moland Lane,Haitou,,,China,Gordie Jarvie,397-908-7212,9/26/2022
917,out for delivery,62 Rowland Place,Shigony,,446729,Russia,Cece Hanmore,878-849-3512,06-12-2022
918,out for delivery,02439 Hovde Terrace,Rushankou,,,China,Cynthea Bugby,413-177-9091,5/25/2022
919,shipped,95 Warrior Road,Nuwara Eliya,,22200,Sri Lanka,Raquela Sandeson,368-921-1134,7/22/2022
920,shipped,4381 Service Lane,Skarżysko-Kamienna,,26-113,Poland,Sari Weinmann,528-704-7406,7/14/2022
921,in transit,1331 Jenna Place,Hāla,,70130,Pakistan,Quincey Cotterill,325-578-5681,10/31/2022
922,out for delivery,6 Schurz Terrace,Funchalinho,Setúbal,2825-106,Portugal,Flory Woodham,189-458-0774,1/20/2022
923,delivered,81305 Nancy Way,Gibbons,Alberta,M1E,Canada,Dolph Ellingworth,948-186-6021,09-01-2022
924,in transit,8561 Lillian Junction,Delicias,,,Venezuela,Baillie Teather,594-753-3761,10-09-2022
925,out for delivery,93 Hazelcrest Junction,Sepulu,,,Indonesia,Karin Mensler,300-726-0271,9/15/2022
926,delivered,087 Bluejay Terrace,Všeruby,,330 16,Czech Republic,Nowell Ridehalgh,503-566-9428,7/28/2022
927,shipped,23 Buhler Plaza,Wuli,,,China,Tomlin Alexandersen,284-858-7500,2/16/2022
928,shipped,8 Daystar Trail,Aykol,,,China,Carlin Toppes,698-284-0753,01-02-2022
929,in transit,3 Farmco Crossing,Vilar do Pinheiro,Porto,4485-824,Portugal,Jessi McOwan,753-333-1106,12/25/2022
930,out for delivery,351 Dunning Point,Ruy Barbosa,,59420-000,Brazil,Carmela Dominguez,778-312-0635,3/30/2022
931,delivered,88 Marcy Court,Tamahú,,16005,Guatemala,Steffen Cornfield,398-370-6905,10-04-2022
932,in transit,955 8th Drive,Rokietnica,,62-090,Poland,Biddy Glanville,420-677-1072,9/27/2022
933,shipped,2 Lindbergh Street,Chamalières,Auvergne,63409 CEDEX,France,Giustina Curle,866-610-9799,06-05-2022
934,out for delivery,40001 Cody Hill,Rudziczka,,43-267,Poland,Ulla Whitmarsh,858-843-0043,3/19/2022
935,out for delivery,71 Carpenter Center,Shuitou,,,China,Crichton Bawcock,621-721-4006,11/23/2022
936,delivered,25542 Texas Way,Pobé,,,Benin,Welbie Beardwood,599-227-0718,11-10-2022
937,out for delivery,8 Gulseth Drive,Carvalhinho,Setúbal,2860-343,Portugal,Park Eakins,453-159-9778,12/22/2022
938,in transit,62528 Oxford Place,Hejiaping,,,China,Lavena Goulborne,944-353-5322,1/14/2022
939,delivered,6 Northland Pass,Hoi,,,Indonesia,Alice Hegel,343-472-7094,10/28/2022
940,out for delivery,6575 Springs Court,Mont-Saint-Aignan,Haute-Normandie,76821 CEDEX,France,Vinnie Seebert,957-594-3447,12/28/2022
941,out for delivery,3 Texas Crossing,Majengo,,,Tanzania,Taite Vasey,924-645-6296,3/21/2022
942,in transit,6 Tomscot Drive,Göteborg,Västra Götaland,418 03,Sweden,Iggy Le Noire,213-680-2440,6/18/2022
943,in transit,30451 Fremont Street,Vassouras,,27700-000,Brazil,Lothaire Spillman,521-756-1860,07-07-2022
944,out for delivery,6015 Dahle Crossing,Huangqiao,,,China,Jackie Watkinson,519-942-4065,06-10-2022
945,in transit,943 Derek Avenue,Zea,,,Venezuela,Andreana Clemetts,572-704-7013,9/21/2022
946,in transit,3 Erie Pass,Batarasa,,5306,Philippines,Constantina Pimbley,911-612-5224,02-08-2022
947,delivered,99 Algoma Parkway,Novovoronezh,,396340,Russia,Larry Eastop,209-980-7037,4/25/2022
948,in transit,0 Sheridan Pass,Muriaé,,36880-000,Brazil,Mathilde Houlston,238-842-7668,9/19/2022
949,out for delivery,19555 Morningstar Point,Xincheng,,,China,Shirley Reicherz,623-348-2739,6/14/2022
950,delivered,3 Norway Maple Parkway,Kamensk-Shakhtinskiy,,396458,Russia,Camala Chaffyn,422-606-3777,08-05-2022
951,shipped,31725 Tennessee Way,Icó,,63430-000,Brazil,Minetta Ardley,691-151-1083,12/13/2022
952,in transit,2 Lukken Plaza,Kalbugan,,1485,Philippines,Pavel Losano,955-800-7304,11/22/2022
953,in transit,05 Dakota Parkway,Erie,Pennsylvania,16505,United States,Kalinda Gemson,814-578-4806,8/18/2022
954,delivered,05 Shopko Hill,Castillos,,,Uruguay,Aurea Boycott,975-611-7904,12/15/2022
955,shipped,64053 West Place,Kanganpur,,55000,Pakistan,Arabela Clear,697-606-9333,02-07-2022
956,in transit,22013 School Center,Baranowo,,06-320,Poland,Morie Dittson,252-862-9982,01-05-2022
957,in transit,2 Longview Plaza,Springfield,Illinois,62764,United States,Adel Berrane,217-653-1215,3/31/2022
958,out for delivery,7850 Delladonna Park,Sandnes,Rogaland,4396,Norway,Lita Maso,413-834-5984,6/21/2022
959,delivered,91809 Thackeray Terrace,Sladna,,,Bosnia and Herzegovina,Xylia Menpes,386-225-9339,6/28/2022
960,in transit,6 Reindahl Drive,Ceuta,Ceuta,51005,Spain,Appolonia Cregin,384-428-4756,9/17/2022
961,in transit,14 Maywood Terrace,Kebonsari,,,Indonesia,Dallas Balmforth,768-582-8590,09-10-2022
962,delivered,365 Gulseth Lane,Mirotice,,364 71,Czech Republic,Helaina Khrishtafovich,915-975-5854,11/13/2022
963,out for delivery,7 Little Fleur Junction,Entebbe,,,Uganda,Addison Seely,405-401-0945,8/24/2022
964,in transit,95644 Division Circle,Narutō,,289-1343,Japan,Scotti Pyffe,507-839-5853,05-05-2022
965,out for delivery,62 Aberg Avenue,Yancheng,,,China,Cheryl Boissier,828-702-1009,3/18/2022
966,in transit,375 Summerview Plaza,Chanthaburi,,10510,Thailand,Willette Harme,722-793-3028,11/14/2022
967,delivered,235 Pawling Crossing,Aguas Verdes,,,Peru,Taite Barbery,506-946-0233,4/29/2022
968,out for delivery,43 Lawn Avenue,Gislaved,Jönköping,332 24,Sweden,Kinny Smallcombe,121-472-0746,8/28/2022
969,delivered,69321 Jay Hill,Kathu,,1033,South Africa,Vania Dun,893-223-0058,04-06-2022
970,delivered,0450 Brentwood Center,Magisterial,Veracruz Llave,92934,Mexico,Chaddy Jorck,597-409-1391,1/25/2022
971,shipped,0952 Butternut Hill,Sedayu,,,Indonesia,Ulberto La Torre,673-559-6641,1/20/2022
972,shipped,16658 Knutson Street,Krivaja,,,Serbia,Clare Eastabrook,672-765-6879,03-06-2022
973,in transit,2 Fremont Place,Sanlei,,,China,Sammy Purle,691-631-3509,11-06-2022
974,out for delivery,9203 Waubesa Point,Matagami,Québec,N2M,Canada,Austine Greenough,776-940-8501,12-10-2022
975,in transit,927 Comanche Junction,Guicheng,,,China,Lothaire Giannini,121-677-6470,10/21/2022
976,out for delivery,698 Prentice Circle,Eger,Heves,3304,Hungary,Sylvia Giovannini,184-654-2684,3/28/2022
977,in transit,690 Del Mar Court,Nîmes,Languedoc-Roussillon,30910 CEDEX 2,France,Ilise Rymell,946-787-2551,9/28/2022
978,in transit,7 Village Green Street,Baizhong,,,China,Janean Detoile,305-155-9715,10/23/2022
979,delivered,816 Hauk Court,Isawa,,787-0150,Japan,Tiphanie Smart,365-143-6483,1/26/2022
980,delivered,8674 Marquette Point,Tuwiri Wetan,,,Indonesia,Rorie Pickring,838-627-5609,8/13/2022
981,in transit,0911 Autumn Leaf Point,Gasri,,,Indonesia,Florence Dean,224-740-4894,11/23/2022
982,shipped,07 Helena Road,Oslomej,,6254,Macedonia,Lurleen Nulty,548-295-0638,10-08-2022
983,out for delivery,3496 Talmadge Parkway,Esquipulas Palo Gordo,,12027,Guatemala,Perice Hubatsch,305-637-4211,6/19/2022
984,shipped,64 Oak Crossing,Rio de Moinhos,Évora,7150-366,Portugal,Nico Eccles,777-506-7969,03-02-2022
985,delivered,27288 Pawling Center,Grujugan,,,Indonesia,Lenard Thewless,759-746-9696,10-02-2022
986,in transit,415 Merry Way,Changqing,,,China,Olympe Dytham,941-135-9355,11/26/2022
987,in transit,144 Lindbergh Park,Bunder,,,Indonesia,Pearle Buxcy,572-718-2856,11/24/2022
988,in transit,56 Ramsey Center,Unaizah,,,Saudi Arabia,Konstantin Lancley,974-250-1443,06-04-2022
989,delivered,62807 Fair Oaks Point,La Esperanza,,,Honduras,Jayne Gahan,480-236-4333,02-10-2022
990,in transit,1983 Cordelia Point,Mehtar Lām,,,Afghanistan,Chad Gogerty,228-274-8422,05-02-2022
991,out for delivery,0177 Sage Park,Souillac,,,Mauritius,Gibb Kaasmann,950-467-1131,3/22/2022
992,delivered,3 Prentice Court,Laranjal Paulista,,18500-000,Brazil,Saxon Capron,825-542-5975,2/13/2022
993,shipped,087 Birchwood Parkway,Ognevka,,,Kazakhstan,Rebe Grieve,935-531-1483,10/22/2022
994,out for delivery,4 Dovetail Lane,Babakankadu,,,Indonesia,Darleen McGonigle,822-275-3320,9/15/2022
995,shipped,63 Montana Pass,Petaẖ Tiqwa,,,Israel,Pris Casemore,783-973-8559,2/20/2022
996,shipped,6 Waywood Parkway,Joroan,,6007,Philippines,Nicolina Cottrill,464-753-3586,01-11-2022
997,out for delivery,33098 Towne Pass,Paris 17,Île-de-France,75808 CEDEX 17,France,Gifford Daal,626-483-8232,10-06-2022
998,in transit,5586 North Place,Tchoban Bey,,,Syria,Forbes Habeshaw,756-515-8305,05-10-2022
999,out for delivery,7660 Hovde Pass,Phichai,,53120,Thailand,Sydel Wathall,897-593-4219,06-12-2022
1000,in transit,7345 Vera Point,Kuching,Sarawak,93558,Malaysia,Llywellyn Cusack,831-907-6651,09-03-2022
